"Sample_Group","SampleID","Chr","Start","End","Size","numsnp","Value","startsnp","endsnp","Confidence","Batch","Algr","Demise.Type","Specimen.Type","E_Alc","E_Smk","X..","chr","start","end","UCSC","X..Hap","C.Frec.Hap","C.Sam.Hap","C.cnvs.Hap","P.Per.Hap","P.Frec.Hap","P.Sam.Hap","P.cnvs.Hap","X..All","C.Frec.All","C.Sam.All","C.cnvs.All","P.Per.All","P.Frec.All","P.Sam.All","P.cnvs.All","ov_size","ov_frac","ov_size_w","ov_frac_w","ov_n","ov_ID"
"S002-BISH-03692","Holm_PASS_OmEx_E_02_D02_PT-1TCLI_200557770047_R04C01 [99]",18,18520354,76747318,58.226964,NA,3,NA,NA,9308.319,"h1","GStudio","Malformation","Umbilical Cord Blood (or Infant Blood)",5,6,"##",18,18520354,76747318,"=HYPERLINK(""http://genome.ucsc.edu/cgi-bin/hgTracks?db=hg19&highlight=hg19.chr18%3A18520354-76747318&position=chr18%3A18520354-76747318"",""UCSC"")","##",".",".",".","13.99","79.23","988","0,1,3,4","##",".",".",".","41.13","35.47","3551","0,1,3,4",38.816818,0.666646778973398,0,0,0,""
"S002-RAPD-01308","Holm_PASS_OmEx_E_01_E01_PT-1TCL6_200586740076_R05C01 [47]",21,14613203,48090629,33.477426,NA,3,NA,NA,6515.003,"h1","GStudio","Malformation","Umbilical Cord Blood (or Infant Blood)",2,1,"##",21,14613203,48090629,"=HYPERLINK(""http://genome.ucsc.edu/cgi-bin/hgTracks?db=hg19&highlight=hg19.chr21%3A14613203-48090629&position=chr21%3A14613203-48090629"",""UCSC"")","##",".",".",".","12.92","40.82","509","0,1,3,4","##",".",".",".","53.12","15.65","1567","0,1,3,4",22.439933,0.670300428712769,3.13869,0.0937554159629835,1," S002-RAPD-00225"
"S002-SPLK-00252","Holm_PASS_OmEx_E_01_E04_PT-1TCLB_200586740139_R05C01 [43]",5,2757940,35847722,33.089782,NA,1,NA,NA,3972.802,"h1","GStudio","Malformation","Umbilical Cord Blood (or Infant Blood)",1,5,"##",5,2757940,35847722,"=HYPERLINK(""http://genome.ucsc.edu/cgi-bin/hgTracks?db=hg19&highlight=hg19.chr5%3A2757940-35847722&position=chr5%3A2757940-35847722"",""UCSC"")","##",".",".",".","11.90","52.29","652","0,1,3,4","##",".",".",".","64.39","25.49","2552","0,1,3,4",32.552773,0.983771153282303,0,0,0,""
"S002-BISH-03692","Holm_PASS_OmEx_E_02_D02_PT-1TCLI_200557770047_R04C01 [99]",18,13034,9248150,9.235116,NA,3,NA,NA,16835.28,"h1","GStudio","Malformation","Umbilical Cord Blood (or Infant Blood)",5,6,"##",18,13034,9248150,"=HYPERLINK(""http://genome.ucsc.edu/cgi-bin/hgTracks?db=hg19&highlight=hg19.chr18%3A13034-9248150&position=chr18%3A13034-9248150"",""UCSC"")","##",".",".",".","28.32","17.40","217","0,1,3,4","##",".",".",".","70.75","5.41","542","0,1,3,4",7.705287,0.834346531218449,0,0,0,""
"S002-RAPD-00225","Holm_PASS_OmEx_E_RW_01_C03_PT-1TCNN_200586740140_R03C01 [136]",19,45016506,52272651,7.256145,NA,3,NA,NA,1803.315,"h1","GStudio","pFAS","Fetal/Infant Guthrie Card",1,1,"##",19,45016506,52272651,"=HYPERLINK(""http://genome.ucsc.edu/cgi-bin/hgTracks?db=hg19&highlight=hg19.chr19%3A45016506-52272651&position=chr19%3A45016506-52272651"",""UCSC"")","##",".",".",".","13.38","27.91","348","0,1,3,4","##",".",".",".","70.54","6.27","628","0,1,3,4",0,0,0,0,0,""
"S002-PINE-00063","Holm_PASS_OmEx_E_01_E12_PT-1TCPF_200586740150_R05C01 [36]",8,110150671,116281087,6.130416,NA,1,NA,NA,3113.558,"h1","GStudio","SIDS","Fetal/Infant Guthrie Card",3,4,"##",8,110150671,116281087,"=HYPERLINK(""http://genome.ucsc.edu/cgi-bin/hgTracks?db=hg19&highlight=hg19.chr8%3A110150671-116281087&position=chr8%3A110150671-116281087"",""UCSC"")","##",".",".",".","23.16","46.11","575","0,1,3,4","##",".",".",".","46.91","15.03","1505","0,1,3,4",0,0,0,0,0,""
"S002-BISH-01458","Holm_PASS_OmEx_E_RW_01_E02_PT-1TCND_200586740157_R05C01 [138]",9,135919118,141066491,5.147373,NA,3,NA,NA,1951.283,"h1","GStudio","FAS","Fetal/Infant Guthrie Card",1,4,"##",9,135919118,141066491,"=HYPERLINK(""http://genome.ucsc.edu/cgi-bin/hgTracks?db=hg19&highlight=hg19.chr9%3A135919118-141066491&position=chr9%3A135919118-141066491"",""UCSC"")","##",".",".",".","10.00","11.63","145","0,1,3,4","##",".",".",".","97.93","4.83","483","0,1,3,4",0,0,5.080718,0.987050676141014,12," S002-RAPD-00225 S002-SANF-01675 S002-BISH-01462 S002-BISH-01448 S002-BISH-03840 S002-BISH-02020 S002-BISH-02849 S002-SANF-00906 S002-BISH-04056 S002-BISH-02757 S002-BISH-03746 S002-SANF-01160"
"S002-RAPD-00225","Holm_PASS_OmEx_E_RW_01_C03_PT-1TCNN_200586740140_R03C01 [136]",9,135985773,141066491,5.080718,NA,3,NA,NA,3218.142,"h1","GStudio","pFAS","Fetal/Infant Guthrie Card",1,1,"##",9,135985773,141066491,"=HYPERLINK(""http://genome.ucsc.edu/cgi-bin/hgTracks?db=hg19&highlight=hg19.chr9%3A135985773-141066491&position=chr9%3A135985773-141066491"",""UCSC"")","##",".",".",".","9.73","10.99","137","0,1,3,4","##",".",".",".","98.25","3.82","382","0,1,3,4",0,0,5.080718,1,12," S002-BISH-01458 S002-SANF-01675 S002-BISH-01462 S002-BISH-01448 S002-BISH-03840 S002-BISH-02020 S002-BISH-02849 S002-SANF-00906 S002-BISH-04056 S002-BISH-02757 S002-BISH-03746 S002-SANF-01160"
"S002-BISH-03692","Holm_PASS_OmEx_E_02_D02_PT-1TCLI_200557770047_R04C01 [99]",18,9257349,14104652,4.847303,NA,3,NA,NA,8050.29,"h1","GStudio","Malformation","Umbilical Cord Blood (or Infant Blood)",5,6,"##",18,9257349,14104652,"=HYPERLINK(""http://genome.ucsc.edu/cgi-bin/hgTracks?db=hg19&highlight=hg19.chr18%3A9257349-14104652&position=chr18%3A9257349-14104652"",""UCSC"")","##",".",".",".","5.90","8.02","100","1,3,4","##",".",".",".","33.71","1.56","156","1,3,4",1.985032,0.409512671273077,0,0,0,""
"S002-RAPD-00225","Holm_PASS_OmEx_E_RW_01_C03_PT-1TCNN_200586740140_R03C01 [136]",11,63570347,67805381,4.235034,NA,3,NA,NA,2452.323,"h1","GStudio","pFAS","Fetal/Infant Guthrie Card",1,1,"##",11,63570347,67805381,"=HYPERLINK(""http://genome.ucsc.edu/cgi-bin/hgTracks?db=hg19&highlight=hg19.chr11%3A63570347-67805381&position=chr11%3A63570347-67805381"",""UCSC"")","##",".",".",".","21.36","2.09","26","0,1,3","##",".",".",".","82.14","0.71","71","0,1,3,4",0,0,2.432137,0.574289840412143,1," S002-BISH-01448"
"S002-RAPD-00225","Holm_PASS_OmEx_E_RW_01_C03_PT-1TCNN_200586740140_R03C01 [136]",8,142190927,146203412,4.012485,NA,3,NA,NA,1091.362,"h1","GStudio","pFAS","Fetal/Infant Guthrie Card",1,1,"##",8,142190927,146203412,"=HYPERLINK(""http://genome.ucsc.edu/cgi-bin/hgTracks?db=hg19&highlight=hg19.chr8%3A142190927-146203412&position=chr8%3A142190927-146203412"",""UCSC"")","##",".",".",".","10.17","11.23","140","0,1,3,4","##","0.12","12","1,3","100.00","4.37","437","0,1,3,4",0,0,3.579255,0.89202950291403,21," S002-BISH-01458 S002-BISH-02849 S002-SANF-00600 S002-BISH-02619 S002-BISH-02020 S002-BISH-01665 S002-BISH-02782 S002-BISH-03746 S002-PINE-00440 S002-RAPD-00714 S002-BISH-05675 S002-BISH-05173 S002-BISH-05137 S002-SANF-00870 S002-BISH-03330 S002-SANF-00906 S002-BISH-03840 S002-PINE-00491 S002-BISH-04314 S002-BISH-02739 S002-BISH-05697"
"S002-BISH-01778","Holm_PASS_OmEx_E_01_H09_PT-1TCN7_200562860100_R08C01 [3]",3,6342860,10351830,4.00897,NA,1,NA,NA,1330.529,"h1","GStudio","Malformation","Fetal/Infant Guthrie Card",4,5,"##",3,6342860,10351830,"=HYPERLINK(""http://genome.ucsc.edu/cgi-bin/hgTracks?db=hg19&highlight=hg19.chr3%3A6342860-10351830&position=chr3%3A6342860-10351830"",""UCSC"")","##",".",".",".","17.50","10.02","125","0,1,3","##",".",".",".","65.72","5.90","591","0,1,3",4.00897,1,0,0,0,""
"S002-RAPD-00225","Holm_PASS_OmEx_E_RW_01_C03_PT-1TCNN_200586740140_R03C01 [136]",1,82154,3743319,3.661165,NA,3,NA,NA,1264.625,"h1","GStudio","pFAS","Fetal/Infant Guthrie Card",1,1,"##",1,82154,3743319,"=HYPERLINK(""http://genome.ucsc.edu/cgi-bin/hgTracks?db=hg19&highlight=hg19.chr1%3A82154-3743319&position=chr1%3A82154-3743319"",""UCSC"")","##",".",".",".","52.33","24.78","309","0,1,3,4","##",".",".",".","100.00","8.76","877","0,1,3,4",0,0,3.661165,1,5," S002-BISH-01448 S002-BISH-01458 S002-BISH-02619 S002-BISH-02020 NA12878"
"S002-BISH-01448","Holm_PASS_OmEx_E_RW_01_F02_PT-1TCNK_200586740157_R06C01 [140]",1,82154,3743319,3.661165,NA,3,NA,NA,1401.395,"h1","GStudio","pFAS","Fetal/Infant Guthrie Card",4,7,"##",1,82154,3743319,"=HYPERLINK(""http://genome.ucsc.edu/cgi-bin/hgTracks?db=hg19&highlight=hg19.chr1%3A82154-3743319&position=chr1%3A82154-3743319"",""UCSC"")","##",".",".",".","52.33","24.78","309","0,1,3,4","##",".",".",".","100.00","8.76","877","0,1,3,4",0,0,3.661165,1,5," S002-RAPD-00225 S002-BISH-01458 S002-BISH-02619 S002-BISH-02020 NA12878"
"S002-BISH-01458","Holm_PASS_OmEx_E_RW_01_E02_PT-1TCND_200586740157_R05C01 [138]",1,82154,3672048,3.589894,NA,3,NA,NA,1418.065,"h1","GStudio","FAS","Fetal/Infant Guthrie Card",1,4,"##",1,82154,3672048,"=HYPERLINK(""http://genome.ucsc.edu/cgi-bin/hgTracks?db=hg19&highlight=hg19.chr1%3A82154-3672048&position=chr1%3A82154-3672048"",""UCSC"")","##",".",".",".","51.38","24.78","309","0,1,3,4","##",".",".",".","100.00","8.76","877","0,1,3,4",0,0,3.589894,1,5," S002-RAPD-00225 S002-BISH-01448 S002-BISH-02619 S002-BISH-02020 NA12878"
"S002-RAPD-00225","Holm_PASS_OmEx_E_RW_01_C03_PT-1TCNN_200586740140_R03C01 [136]",20,59523840,62948788,3.424948,NA,3,NA,NA,1440.921,"h1","GStudio","pFAS","Fetal/Infant Guthrie Card",1,1,"##",20,59523840,62948788,"=HYPERLINK(""http://genome.ucsc.edu/cgi-bin/hgTracks?db=hg19&highlight=hg19.chr20%3A59523840-62948788&position=chr20%3A59523840-62948788"",""UCSC"")","##",".",".",".","14.43","3.21","40","1,3,4","##",".",".",".","100.00","3.65","365","1,3,4",0,0,2.438451,0.711967305780993,1," S002-BISH-02619"
"S002-BISH-01458","Holm_PASS_OmEx_E_RW_01_E02_PT-1TCND_200586740157_R05C01 [138]",8,142497453,145763152,3.265699,NA,3,NA,NA,1825.045,"h1","GStudio","FAS","Fetal/Infant Guthrie Card",1,4,"##",8,142497453,145763152,"=HYPERLINK(""http://genome.ucsc.edu/cgi-bin/hgTracks?db=hg19&highlight=hg19.chr8%3A142497453-145763152&position=chr8%3A142497453-145763152"",""UCSC"")","##",".",".",".","8.79","11.15","139","0,1,3,4","##","0.24","24","1,3","100.00","4.16","416","0,1,3,4",0,0,3.265699,1,21," S002-RAPD-00225 S002-BISH-02849 S002-SANF-00600 S002-BISH-02619 S002-BISH-02020 S002-BISH-01665 S002-BISH-02782 S002-BISH-03746 S002-PINE-00440 S002-RAPD-00714 S002-BISH-05675 S002-BISH-05173 S002-BISH-05137 S002-SANF-00870 S002-BISH-03330 S002-SANF-00906 S002-BISH-03840 S002-PINE-00491 S002-BISH-04314 S002-BISH-02739 S002-BISH-05697"
"S002-BISH-02849","Holm_PASS_OmEx_E_RW_01_F03_PT-1TCHT_200586740140_R06C01 [139]",8,142503997,145749144,3.245147,NA,3,NA,NA,1515.314,"h1","GStudio","FAS","Infant Salivary",4,1,"##",8,142503997,145749144,"=HYPERLINK(""http://genome.ucsc.edu/cgi-bin/hgTracks?db=hg19&highlight=hg19.chr8%3A142503997-145749144&position=chr8%3A142503997-145749144"",""UCSC"")","##",".",".",".","8.42","11.15","139","0,1,3,4","##","0.25","25","1,3","100.00","4.16","416","0,1,3,4",0,0,3.245147,1,21," S002-RAPD-00225 S002-BISH-01458 S002-SANF-00600 S002-BISH-02619 S002-BISH-02020 S002-BISH-01665 S002-BISH-02782 S002-BISH-03746 S002-PINE-00440 S002-RAPD-00714 S002-BISH-05675 S002-BISH-05173 S002-BISH-05137 S002-SANF-00870 S002-BISH-03330 S002-SANF-00906 S002-BISH-03840 S002-PINE-00491 S002-BISH-04314 S002-BISH-02739 S002-BISH-05697"
"S002-RAPD-00225","Holm_PASS_OmEx_E_RW_01_C03_PT-1TCNN_200586740140_R03C01 [136]",21,44496941,47635631,3.13869,NA,3,NA,NA,872.684,"h1","GStudio","pFAS","Fetal/Infant Guthrie Card",1,1,"##",21,44496941,47635631,"=HYPERLINK(""http://genome.ucsc.edu/cgi-bin/hgTracks?db=hg19&highlight=hg19.chr21%3A44496941-47635631&position=chr21%3A44496941-47635631"",""UCSC"")","##",".",".",".","12.53","3.53","44","1,3,4","##",".",".",".","100.00","1.86","186","0,1,3,4",0,0,3.13869,1,1," S002-RAPD-01308"
"S002-BISH-05742","Holm_PASS_OmEx_E_01_G06_PT-1TCML_200586740149_R07C01 [17]",1,146089268,149201987,3.112719,NA,1,NA,NA,1698.632,"h1","GStudio","FAS","Umbilical Cord Blood (or Infant Blood)",1,1,"##",1,146089268,149201987,"=HYPERLINK(""http://genome.ucsc.edu/cgi-bin/hgTracks?db=hg19&highlight=hg19.chr1%3A146089268-149201987&position=chr1%3A146089268-149201987"",""UCSC"")","##",".",".",".","51.53","20.21","252","0,1,3","##",".",".",".","100.00","18.05","1807","0,1,3,4",0,0,1.737521,0.558200402927473,1," S002-BISH-01665"
"S002-PINE-00063","Holm_PASS_OmEx_E_01_E12_PT-1TCPF_200586740150_R05C01 [36]",3,61495,2966836,2.905341,NA,1,NA,NA,1534.273,"h1","GStudio","SIDS","Fetal/Infant Guthrie Card",3,4,"##",3,61495,2966836,"=HYPERLINK(""http://genome.ucsc.edu/cgi-bin/hgTracks?db=hg19&highlight=hg19.chr3%3A61495-2966836&position=chr3%3A61495-2966836"",""UCSC"")","##",".",".",".","64.55","10.51","131","0,1,3,4","##",".",".",".","100.00","4.41","441","0,1,3,4",0,0,0,0,0,""
"S002-RAPD-00225","Holm_PASS_OmEx_E_RW_01_C03_PT-1TCNN_200586740140_R03C01 [136]",19,2996014,5573344,2.57733,NA,3,NA,NA,1438.365,"h1","GStudio","pFAS","Fetal/Infant Guthrie Card",1,1,"##",19,2996014,5573344,"=HYPERLINK(""http://genome.ucsc.edu/cgi-bin/hgTracks?db=hg19&highlight=hg19.chr19%3A2996014-5573344&position=chr19%3A2996014-5573344"",""UCSC"")","##",".",".",".","11.27","0.80","10","0,1,3,4","##",".",".",".","73.66","0.54","54","0,1,3,4",0,0,2.512635,0.974898441410297,1," S002-BISH-01458"
"S002-RAPD-00225","Holm_PASS_OmEx_E_RW_01_C03_PT-1TCNN_200586740140_R03C01 [136]",19,260912,2824045,2.563133,NA,3,NA,NA,3707.621,"h1","GStudio","pFAS","Fetal/Infant Guthrie Card",1,1,"##",19,260912,2824045,"=HYPERLINK(""http://genome.ucsc.edu/cgi-bin/hgTracks?db=hg19&highlight=hg19.chr19%3A260912-2824045&position=chr19%3A260912-2824045"",""UCSC"")","##",".",".",".","30.41","5.37","67","1,3","##",".",".",".","100.00","1.90","190","1,3,4",0,0,2.563133,1,8," S002-BISH-01458 S002-BISH-03704 S002-BISH-02849 S002-BISH-01448 S002-BISH-02020 S002-BISH-02619 S002-BISH-02782 S002-SANF-00870"
"S002-BISH-01458","Holm_PASS_OmEx_E_RW_01_E02_PT-1TCND_200586740157_R05C01 [138]",19,260912,2805172,2.54426,NA,3,NA,NA,2903.781,"h1","GStudio","FAS","Fetal/Infant Guthrie Card",1,4,"##",19,260912,2805172,"=HYPERLINK(""http://genome.ucsc.edu/cgi-bin/hgTracks?db=hg19&highlight=hg19.chr19%3A260912-2805172&position=chr19%3A260912-2805172"",""UCSC"")","##",".",".",".","30.63","5.37","67","1,3","##",".",".",".","100.00","1.90","190","1,3,4",0,0,2.54426,1,8," S002-RAPD-00225 S002-BISH-03704 S002-BISH-02849 S002-BISH-01448 S002-BISH-02020 S002-BISH-02619 S002-BISH-02782 S002-SANF-00870"
"S002-BISH-03704","Holm_PASS_OmEx_E_01_C12_PT-1TCOX_200586740150_R03C01 [57]",19,260912,2799979,2.539067,NA,3,NA,NA,987.4622,"h1","GStudio","Malformation","Fetal/Infant Guthrie Card",5,7,"##",19,260912,2799979,"=HYPERLINK(""http://genome.ucsc.edu/cgi-bin/hgTracks?db=hg19&highlight=hg19.chr19%3A260912-2799979&position=chr19%3A260912-2799979"",""UCSC"")","##",".",".",".","30.70","5.37","67","1,3","##",".",".",".","100.00","1.90","190","1,3,4",0,0,2.539067,1,8," S002-RAPD-00225 S002-BISH-01458 S002-BISH-02849 S002-BISH-01448 S002-BISH-02020 S002-BISH-02619 S002-BISH-02782 S002-SANF-00870"
"S002-BISH-01458","Holm_PASS_OmEx_E_RW_01_E02_PT-1TCND_200586740157_R05C01 [138]",19,3020691,5533326,2.512635,NA,3,NA,NA,942.3234,"h1","GStudio","FAS","Fetal/Infant Guthrie Card",1,4,"##",19,3020691,5533326,"=HYPERLINK(""http://genome.ucsc.edu/cgi-bin/hgTracks?db=hg19&highlight=hg19.chr19%3A3020691-5533326&position=chr19%3A3020691-5533326"",""UCSC"")","##",".",".",".","10.58","0.80","10","0,1,3,4","##",".",".",".","74.58","0.54","54","0,1,3,4",0,0,2.512635,1,1," S002-RAPD-00225"
"S002-BISH-02786","Holm_PASS_OmEx_E_01_B06_PT-1TCHS_200586740149_R02C01 [76]",6,33017457,35512955,2.495498,NA,3,NA,NA,804.6345,"h1","GStudio","pFAS","Infant Salivary",5,1,"##",6,33017457,35512955,"=HYPERLINK(""http://genome.ucsc.edu/cgi-bin/hgTracks?db=hg19&highlight=hg19.chr6%3A33017457-35512955&position=chr6%3A33017457-35512955"",""UCSC"")","##",".",".",".","5.50","4.49","56","0,1,3,4","##",".",".",".","76.57","1.37","137","0,1,3,4",0,0,0,0,0,""
"S002-BISH-02619","Holm_PASS_OmEx_E_01_A08_PT-1TCGY_200586740159_R01C01 [86]",1,82154,2530169,2.448015,NA,3,NA,NA,1347.654,"h1","GStudio","Malformation","Placenta (Parenchyma - Frozen)",4,5,"##",1,82154,2530169,"=HYPERLINK(""http://genome.ucsc.edu/cgi-bin/hgTracks?db=hg19&highlight=hg19.chr1%3A82154-2530169&position=chr1%3A82154-2530169"",""UCSC"")","##",".",".",".","63.14","24.46","305","0,1,3,4","##",".",".",".","100.00","8.17","818","0,1,3,4",0,0,2.448015,1,5," S002-RAPD-00225 S002-BISH-01448 S002-BISH-01458 S002-BISH-02020 NA12878"
"S002-BISH-02619","Holm_PASS_OmEx_E_01_A08_PT-1TCGY_200586740159_R01C01 [86]",20,60510337,62948788,2.438451,NA,3,NA,NA,881.0941,"h1","GStudio","Malformation","Placenta (Parenchyma - Frozen)",4,5,"##",20,60510337,62948788,"=HYPERLINK(""http://genome.ucsc.edu/cgi-bin/hgTracks?db=hg19&highlight=hg19.chr20%3A60510337-62948788&position=chr20%3A60510337-62948788"",""UCSC"")","##",".",".",".","2.96","0.48","6","1,3","##","0.15","15","3","100.00","1.81","181","1,3",0,0,2.438451,1,1," S002-RAPD-00225"
"S002-BISH-01448","Holm_PASS_OmEx_E_RW_01_F02_PT-1TCNK_200586740157_R06C01 [140]",11,65373244,67805381,2.432137,NA,3,NA,NA,973.2733,"h1","GStudio","pFAS","Fetal/Infant Guthrie Card",4,7,"##",11,65373244,67805381,"=HYPERLINK(""http://genome.ucsc.edu/cgi-bin/hgTracks?db=hg19&highlight=hg19.chr11%3A65373244-67805381&position=chr11%3A65373244-67805381"",""UCSC"")","##",".",".",".","24.72","1.84","23","0,1,3","##",".",".",".","83.94","0.55","55","0,1,3",0,0,2.432137,1,1," S002-RAPD-00225"
"S002-RAPD-00225","Holm_PASS_OmEx_E_RW_01_C03_PT-1TCNN_200586740140_R03C01 [136]",11,249097,2612561,2.363464,NA,3,NA,NA,2513.479,"h1","GStudio","pFAS","Fetal/Infant Guthrie Card",1,1,"##",11,249097,2612561,"=HYPERLINK(""http://genome.ucsc.edu/cgi-bin/hgTracks?db=hg19&highlight=hg19.chr11%3A249097-2612561&position=chr11%3A249097-2612561"",""UCSC"")","##",".",".",".","27.72","1.60","20","0,1,3","##","0.24","24","3","100.00","1.66","166","0,1,3,4",0,0,2.363464,1,7," S002-BISH-01458 S002-BISH-04056 S002-BISH-02849 S002-SANF-00870 NA12878 S002-BISH-01665 S002-BISH-04314"
"S002-BISH-01458","Holm_PASS_OmEx_E_RW_01_E02_PT-1TCND_200586740157_R05C01 [138]",11,272199,2612561,2.340362,NA,3,NA,NA,1057.015,"h1","GStudio","FAS","Fetal/Infant Guthrie Card",1,4,"##",11,272199,2612561,"=HYPERLINK(""http://genome.ucsc.edu/cgi-bin/hgTracks?db=hg19&highlight=hg19.chr11%3A272199-2612561&position=chr11%3A272199-2612561"",""UCSC"")","##",".",".",".","28.00","1.60","20","0,1,3","##","0.24","24","3","100.00","1.66","166","0,1,3,4",0,0,2.340362,1,7," S002-RAPD-00225 S002-BISH-04056 S002-BISH-02849 S002-SANF-00870 NA12878 S002-BISH-01665 S002-BISH-04314"
"S002-RAPD-00225","Holm_PASS_OmEx_E_RW_01_C03_PT-1TCNN_200586740140_R03C01 [136]",17,78864029,81060040,2.196011,NA,3,NA,NA,1064.928,"h1","GStudio","pFAS","Fetal/Infant Guthrie Card",1,1,"##",17,78864029,81060040,"=HYPERLINK(""http://genome.ucsc.edu/cgi-bin/hgTracks?db=hg19&highlight=hg19.chr17%3A78864029-81060040&position=chr17%3A78864029-81060040"",""UCSC"")","##",".",".",".","55.13","3.53","44","0,1,3,4","##",".",".","."," 99.53","1.57","157","0,1,3,4",0,0,2.123774,0.967105356029637,1," S002-BISH-01458"
"S002-BISH-02849","Holm_PASS_OmEx_E_RW_01_F03_PT-1TCHT_200586740140_R06C01 [139]",19,260912,2396536,2.135624,NA,3,NA,NA,1497.553,"h1","GStudio","FAS","Infant Salivary",4,1,"##",19,260912,2396536,"=HYPERLINK(""http://genome.ucsc.edu/cgi-bin/hgTracks?db=hg19&highlight=hg19.chr19%3A260912-2396536&position=chr19%3A260912-2396536"",""UCSC"")","##",".",".",".","34.67","5.29","66","1,3","##","0.02","2","3","100.00","1.87","187","1,3,4",0,0,2.135624,1,8," S002-RAPD-00225 S002-BISH-01458 S002-BISH-03704 S002-BISH-01448 S002-BISH-02020 S002-BISH-02619 S002-BISH-02782 S002-SANF-00870"
"S002-BISH-01448","Holm_PASS_OmEx_E_RW_01_F02_PT-1TCNK_200586740157_R06C01 [140]",19,260912,2389793,2.128881,NA,3,NA,NA,2353.795,"h1","GStudio","pFAS","Fetal/Infant Guthrie Card",4,7,"##",19,260912,2389793,"=HYPERLINK(""http://genome.ucsc.edu/cgi-bin/hgTracks?db=hg19&highlight=hg19.chr19%3A260912-2389793&position=chr19%3A260912-2389793"",""UCSC"")","##",".",".",".","34.78","5.29","66","1,3","##","0.02","2","3","100.00","1.87","187","1,3,4",0,0,2.128881,1,8," S002-RAPD-00225 S002-BISH-01458 S002-BISH-03704 S002-BISH-02849 S002-BISH-02020 S002-BISH-02619 S002-BISH-02782 S002-SANF-00870"
"S002-BISH-01458","Holm_PASS_OmEx_E_RW_01_E02_PT-1TCND_200586740157_R05C01 [138]",17,78936266,81060040,2.123774,NA,3,NA,NA,874.9932,"h1","GStudio","FAS","Fetal/Infant Guthrie Card",1,4,"##",17,78936266,81060040,"=HYPERLINK(""http://genome.ucsc.edu/cgi-bin/hgTracks?db=hg19&highlight=hg19.chr17%3A78936266-81060040&position=chr17%3A78936266-81060040"",""UCSC"")","##",".",".",".","57.00","3.53","44","0,1,3,4","##",".",".","."," 99.51","1.57","157","0,1,3,4",0,0,2.123774,1,1," S002-RAPD-00225"
"S002-BISH-01665","Holm_PASS_OmEx_E_01_B03_PT-1TCHQ_200586740170_R02C01 [77]",1,145765424,147826789,2.061365,NA,1,NA,NA,1683.334,"h1","GStudio","pFAS","Infant Salivary",4,5,"##",1,145765424,147826789,"=HYPERLINK(""http://genome.ucsc.edu/cgi-bin/hgTracks?db=hg19&highlight=hg19.chr1%3A145765424-147826789&position=chr1%3A145765424-147826789"",""UCSC"")","##",".",".",".","26.80","1.44","18","1,3","##",".",".",".","100.00","0.78","78","1,3,4",0,0,1.737521,0.842898273716688,1," S002-BISH-05742"
"S002-RAPD-00225","Holm_PASS_OmEx_E_RW_01_C03_PT-1TCNN_200586740140_R03C01 [136]",19,12718619,14721259,2.00264,NA,3,NA,NA,895.9766,"h1","GStudio","pFAS","Fetal/Infant Guthrie Card",1,1,"##",19,12718619,14721259,"=HYPERLINK(""http://genome.ucsc.edu/cgi-bin/hgTracks?db=hg19&highlight=hg19.chr19%3A12718619-14721259&position=chr19%3A12718619-14721259"",""UCSC"")","##",".",".",".","41.28","0.64","8","1,3","##",".",".",".","73.32","0.23","23","1,3,4",0,0,0,0,0,""
"S002-RAPD-00225","Holm_PASS_OmEx_E_RW_01_C03_PT-1TCNN_200586740140_R03C01 [136]",16,88165,1877747,1.789582,NA,3,NA,NA,1576.618,"h1","GStudio","pFAS","Fetal/Infant Guthrie Card",1,1,"##",16,88165,1877747,"=HYPERLINK(""http://genome.ucsc.edu/cgi-bin/hgTracks?db=hg19&highlight=hg19.chr16%3A88165-1877747&position=chr16%3A88165-1877747"",""UCSC"")","##",".",".",".","30.37","1.36","17","1,3","##","0.03","3","3","100.00","1.90","190","0,1,3",0,0,1.556979,0.870023837968867,19," S002-BISH-01462 S002-BISH-05742 S002-BISH-02671 S002-BISH-03043 S002-BISH-02857 S002-SANF-01902 S002-SANF-01252 S002-BISH-02579 S002-BISH-04788 S002-BISH-02722 S002-BISH-02739 S002-BISH-04366 S002-BISH-02619 S002-BISH-04080 S002-SANF-00906 S002-BISH-06098 S002-BISH-02918 S002-BISH-03840 S002-BISH-05137"
"S002-RAPD-00225","Holm_PASS_OmEx_E_RW_01_C03_PT-1TCNN_200586740140_R03C01 [136]",4,445794,2129943,1.684149,NA,3,NA,NA,883.8574,"h1","GStudio","pFAS","Fetal/Infant Guthrie Card",1,1,"##",4,445794,2129943,"=HYPERLINK(""http://genome.ucsc.edu/cgi-bin/hgTracks?db=hg19&highlight=hg19.chr4%3A445794-2129943&position=chr4%3A445794-2129943"",""UCSC"")","##",".",".",".","9.05","0.48","6","0,1,3","##","0.04","4","3","100.00","0.45","45","0,1,3",0,0,0,0,0,""
"S002-BISH-04624","Holm_PASS_OmEx_E_01_F10_PT-1TCNA_200562860069_R06C01 [25]",13,92602622,94273931,1.671309,NA,3,NA,NA,2160.714,"h1","GStudio","Malformation","Fetal/Infant Guthrie Card",3,4,"##",13,92602622,94273931,"=HYPERLINK(""http://genome.ucsc.edu/cgi-bin/hgTracks?db=hg19&highlight=hg19.chr13%3A92602622-94273931&position=chr13%3A92602622-94273931"",""UCSC"")","##",".",".",".","3.89","0.24","3","1,3","##",".",".",".","18.44","0.18","18","1,3",0.707433,0.423280793677291,1.671309,1,2," S002-SANF-01742 S002-BISH-03722"
"S002-BISH-02020","Holm_PASS_OmEx_E_RW_01_E03_PT-1TCNJ_200586740140_R05C01 [137]",19,763508,2389793,1.626285,NA,3,NA,NA,1718.854,"h1","GStudio","pFAS","Fetal/Infant Guthrie Card",4,5,"##",19,763508,2389793,"=HYPERLINK(""http://genome.ucsc.edu/cgi-bin/hgTracks?db=hg19&highlight=hg19.chr19%3A763508-2389793&position=chr19%3A763508-2389793"",""UCSC"")","##",".",".",".","36.54","5.13","64","3","##","0.09","9","3","100.00","1.49","149","1,3,4",0,0,1.626285,1,8," S002-RAPD-00225 S002-BISH-01458 S002-BISH-03704 S002-BISH-02849 S002-BISH-01448 S002-BISH-02619 S002-BISH-02782 S002-SANF-00870"
"S002-BISH-01462","Holm_PASS_OmEx_E_RW_01_B03_PT-1TCOT_200586740140_R02C01 [135]",16,320768,1877747,1.556979,NA,3,NA,NA,958.6208,"h1","GStudio","FAS","Fetal/Infant Guthrie Card",4,6,"##",16,320768,1877747,"=HYPERLINK(""http://genome.ucsc.edu/cgi-bin/hgTracks?db=hg19&highlight=hg19.chr16%3A320768-1877747&position=chr16%3A320768-1877747"",""UCSC"")","##",".",".",".","27.72","0.56","7","1,3","##","0.03","3","3","100.00","1.07","107","1,3",0,0,1.556979,1,19," S002-RAPD-00225 S002-BISH-05742 S002-BISH-02671 S002-BISH-03043 S002-BISH-02857 S002-SANF-01902 S002-SANF-01252 S002-BISH-02579 S002-BISH-04788 S002-BISH-02722 S002-BISH-02739 S002-BISH-04366 S002-BISH-02619 S002-BISH-04080 S002-SANF-00906 S002-BISH-06098 S002-BISH-02918 S002-BISH-03840 S002-BISH-05137"
"S002-SANF-01675","Holm_PASS_OmEx_E_02_F03_PT-1TCLP_200557770048_R06C01 [125]",9,138877724,140414410,1.536686,NA,3,NA,NA,1106.815,"h1","GStudio","pFAS","Umbilical Cord Blood (or Infant Blood)",1,1,"##",9,138877724,140414410,"=HYPERLINK(""http://genome.ucsc.edu/cgi-bin/hgTracks?db=hg19&highlight=hg19.chr9%3A138877724-140414410&position=chr9%3A138877724-140414410"",""UCSC"")","##",".",".",".","8.18","0.48","6","3","##","0.05","5","3","100.00","1.29","129","1,3,4",0,0,1.536686,1,11," S002-BISH-01458 S002-RAPD-00225 S002-BISH-01462 S002-BISH-01448 S002-BISH-03840 S002-BISH-02020 S002-BISH-02849 S002-SANF-00906 S002-BISH-04056 S002-BISH-02757 S002-BISH-03746"
"S002-BISH-02619","Holm_PASS_OmEx_E_01_A08_PT-1TCGY_200586740159_R01C01 [86]",19,1309647,2836660,1.527013,NA,3,NA,NA,1218.716,"h1","GStudio","Malformation","Placenta (Parenchyma - Frozen)",4,5,"##",19,1309647,2836660,"=HYPERLINK(""http://genome.ucsc.edu/cgi-bin/hgTracks?db=hg19&highlight=hg19.chr19%3A1309647-2836660&position=chr19%3A1309647-2836660"",""UCSC"")","##",".",".",".","5.71","4.33","54","3","##","0.01","1","3","100.00","1.17","117","1,3,4",0,0,1.514398,0.991738773671213,7," S002-RAPD-00225 S002-BISH-01458 S002-BISH-03704 S002-BISH-02849 S002-BISH-01448 S002-BISH-02020 S002-SANF-00870"
"S002-SANF-00600","Holm_PASS_OmEx_E_02_H05_PT-1TCNO_200557770046_R08C01 [115]",8,144229984,145749835,1.519851,NA,3,NA,NA,1653.138,"h1","GStudio","pFAS","Fetal/Infant Guthrie Card",2,1,"##",8,144229984,145749835,"=HYPERLINK(""http://genome.ucsc.edu/cgi-bin/hgTracks?db=hg19&highlight=hg19.chr8%3A144229984-145749835&position=chr8%3A144229984-145749835"",""UCSC"")","##",".",".",".","16.10","10.83","135","0,1,3,4","##","0.29","29","1,3","100.00","3.77","377","0,1,3,4",0,0,1.519851,1,21," S002-RAPD-00225 S002-BISH-01458 S002-BISH-02849 S002-BISH-02619 S002-BISH-02020 S002-BISH-01665 S002-BISH-02782 S002-BISH-03746 S002-PINE-00440 S002-RAPD-00714 S002-BISH-05675 S002-BISH-05173 S002-BISH-05137 S002-SANF-00870 S002-BISH-03330 S002-SANF-00906 S002-BISH-03840 S002-PINE-00491 S002-BISH-04314 S002-BISH-02739 S002-BISH-05697"
"S002-BISH-02020","Holm_PASS_OmEx_E_RW_01_E03_PT-1TCNJ_200586740140_R05C01 [137]",1,82154,1572310,1.490156,NA,3,NA,NA,986.9044,"h1","GStudio","pFAS","Fetal/Infant Guthrie Card",4,5,"##",1,82154,1572310,"=HYPERLINK(""http://genome.ucsc.edu/cgi-bin/hgTracks?db=hg19&highlight=hg19.chr1%3A82154-1572310&position=chr1%3A82154-1572310"",""UCSC"")","##",".",".",".","91.65","20.05","250","0,1,3,4","##",".",".",".","100.00","6.45","646","0,1,3,4",0,0,1.490156,1,5," S002-RAPD-00225 S002-BISH-01448 S002-BISH-01458 S002-BISH-02619 NA12878"
"S002-BISH-02619","Holm_PASS_OmEx_E_01_A08_PT-1TCGY_200586740159_R01C01 [86]",8,144620328,146076708,1.45638,NA,3,NA,NA,1317.724,"h1","GStudio","Malformation","Placenta (Parenchyma - Frozen)",4,5,"##",8,144620328,146076708,"=HYPERLINK(""http://genome.ucsc.edu/cgi-bin/hgTracks?db=hg19&highlight=hg19.chr8%3A144620328-146076708&position=chr8%3A144620328-146076708"",""UCSC"")","##",".",".",".","24.33","10.59","132","0,1,3,4","##","0.30","30","1,3","100.00","3.66","366","0,1,3,4",0,0,1.45638,1,21," S002-RAPD-00225 S002-BISH-01458 S002-BISH-02849 S002-SANF-00600 S002-BISH-02020 S002-BISH-01665 S002-BISH-02782 S002-BISH-03746 S002-PINE-00440 S002-RAPD-00714 S002-BISH-05675 S002-BISH-05173 S002-BISH-05137 S002-SANF-00870 S002-BISH-03330 S002-SANF-00906 S002-BISH-03840 S002-PINE-00491 S002-BISH-04314 S002-BISH-02739 S002-BISH-05697"
"S002-RAPD-00225","Holm_PASS_OmEx_E_RW_01_C03_PT-1TCNN_200586740140_R03C01 [136]",17,6889557,8263334,1.373777,NA,3,NA,NA,1004.835,"h1","GStudio","pFAS","Fetal/Infant Guthrie Card",1,1,"##",17,6889557,8263334,"=HYPERLINK(""http://genome.ucsc.edu/cgi-bin/hgTracks?db=hg19&highlight=hg19.chr17%3A6889557-8263334&position=chr17%3A6889557-8263334"",""UCSC"")","##",".",".",".","3.56","0.08","1","1","##",".",".",".","62.73","0.11","11","1,3",0,0,0,0,0,""
"S002-RAPD-00225","Holm_PASS_OmEx_E_RW_01_C03_PT-1TCNN_200586740140_R03C01 [136]",16,1926642,3254579,1.327937,NA,3,NA,NA,1632.475,"h1","GStudio","pFAS","Fetal/Infant Guthrie Card",1,1,"##",16,1926642,3254579,"=HYPERLINK(""http://genome.ucsc.edu/cgi-bin/hgTracks?db=hg19&highlight=hg19.chr16%3A1926642-3254579&position=chr16%3A1926642-3254579"",""UCSC"")","##",".",".",".","16.83","1.52","19","1,3,4","##",".",".",".","86.97","1.15","115","0,1,3,4",0,0,0,0,0,""
"S002-BISH-03746","Holm_PASS_OmEx_E_02_A05_PT-1TCI2_200557770046_R01C01 [109]",15,21903815,23226254,1.322439,NA,3,NA,NA,845.8549,"h1","GStudio","FAS","Infant Salivary",4,1,"##",15,21903815,23226254,"=HYPERLINK(""http://genome.ucsc.edu/cgi-bin/hgTracks?db=hg19&highlight=hg19.chr15%3A21903815-23226254&position=chr15%3A21903815-23226254"",""UCSC"")","##",".",".",".","72.80","23.10","288","0,1,3,4","##",".",".",".","72.80","13.89","1390","0,1,3,4",0,0,0,0,0,""
"S002-BISH-02020","Holm_PASS_OmEx_E_RW_01_E03_PT-1TCNJ_200586740140_R05C01 [137]",8,144621035,145761188,1.140153,NA,3,NA,NA,1878.308,"h1","GStudio","pFAS","Fetal/Infant Guthrie Card",4,5,"##",8,144621035,145761188,"=HYPERLINK(""http://genome.ucsc.edu/cgi-bin/hgTracks?db=hg19&highlight=hg19.chr8%3A144621035-145761188&position=chr8%3A144621035-145761188"",""UCSC"")","##",".",".",".","20.80","10.59","132","0,1,3,4","##","0.33","33","1,3","100.00","3.60","360","0,1,3,4",0,0,1.140153,1,21," S002-RAPD-00225 S002-BISH-01458 S002-BISH-02849 S002-SANF-00600 S002-BISH-02619 S002-BISH-01665 S002-BISH-02782 S002-BISH-03746 S002-PINE-00440 S002-RAPD-00714 S002-BISH-05675 S002-BISH-05173 S002-BISH-05137 S002-SANF-00870 S002-BISH-03330 S002-SANF-00906 S002-BISH-03840 S002-PINE-00491 S002-BISH-04314 S002-BISH-02739 S002-BISH-05697"
"S002-BISH-01665","Holm_PASS_OmEx_E_01_B03_PT-1TCHQ_200586740170_R02C01 [77]",8,144621091,145753161,1.13207,NA,3,NA,NA,1541.491,"h1","GStudio","pFAS","Infant Salivary",4,5,"##",8,144621091,145753161,"=HYPERLINK(""http://genome.ucsc.edu/cgi-bin/hgTracks?db=hg19&highlight=hg19.chr8%3A144621091-145753161&position=chr8%3A144621091-145753161"",""UCSC"")","##",".",".",".","20.24","10.59","132","0,1,3,4","##","0.34","34","1,3","100.00","3.60","360","0,1,3,4",0,0,1.13207,1,21," S002-RAPD-00225 S002-BISH-01458 S002-BISH-02849 S002-SANF-00600 S002-BISH-02619 S002-BISH-02020 S002-BISH-02782 S002-BISH-03746 S002-PINE-00440 S002-RAPD-00714 S002-BISH-05675 S002-BISH-05173 S002-BISH-05137 S002-SANF-00870 S002-BISH-03330 S002-SANF-00906 S002-BISH-03840 S002-PINE-00491 S002-BISH-04314 S002-BISH-02739 S002-BISH-05697"
"S002-BISH-02782","Holm_PASS_OmEx_E_02_A03_PT-1TCGZ_200557770048_R01C01 [107]",8,144623574,145753161,1.129587,NA,3,NA,NA,1699.259,"h1","GStudio","SB MVUP","Placenta (Parenchyma - Frozen)",1,5,"##",8,144623574,145753161,"=HYPERLINK(""http://genome.ucsc.edu/cgi-bin/hgTracks?db=hg19&highlight=hg19.chr8%3A144623574-145753161&position=chr8%3A144623574-145753161"",""UCSC"")","##",".",".",".","20.29","10.59","132","0,1,3,4","##","0.34","34","1,3","100.00","3.60","360","0,1,3,4",0,0,1.129587,1,21," S002-RAPD-00225 S002-BISH-01458 S002-BISH-02849 S002-SANF-00600 S002-BISH-02619 S002-BISH-02020 S002-BISH-01665 S002-BISH-03746 S002-PINE-00440 S002-RAPD-00714 S002-BISH-05675 S002-BISH-05173 S002-BISH-05137 S002-SANF-00870 S002-BISH-03330 S002-SANF-00906 S002-BISH-03840 S002-PINE-00491 S002-BISH-04314 S002-BISH-02739 S002-BISH-05697"
"S002-BISH-03746","Holm_PASS_OmEx_E_02_A05_PT-1TCI2_200557770046_R01C01 [109]",8,144624438,145753161,1.128723,NA,3,NA,NA,1333.4,"h1","GStudio","FAS","Infant Salivary",4,1,"##",8,144624438,145753161,"=HYPERLINK(""http://genome.ucsc.edu/cgi-bin/hgTracks?db=hg19&highlight=hg19.chr8%3A144624438-145753161&position=chr8%3A144624438-145753161"",""UCSC"")","##",".",".",".","20.30","10.59","132","0,1,3,4","##","0.34","34","1,3","100.00","3.60","360","0,1,3,4",0,0,1.128723,1,21," S002-RAPD-00225 S002-BISH-01458 S002-BISH-02849 S002-SANF-00600 S002-BISH-02619 S002-BISH-02020 S002-BISH-01665 S002-BISH-02782 S002-PINE-00440 S002-RAPD-00714 S002-BISH-05675 S002-BISH-05173 S002-BISH-05137 S002-SANF-00870 S002-BISH-03330 S002-SANF-00906 S002-BISH-03840 S002-PINE-00491 S002-BISH-04314 S002-BISH-02739 S002-BISH-05697"
"S002-BISH-01462","Holm_PASS_OmEx_E_RW_01_B03_PT-1TCOT_200586740140_R02C01 [135]",9,139405111,140526439,1.121328,NA,3,NA,NA,1608.795,"h1","GStudio","FAS","Fetal/Infant Guthrie Card",4,6,"##",9,139405111,140526439,"=HYPERLINK(""http://genome.ucsc.edu/cgi-bin/hgTracks?db=hg19&highlight=hg19.chr9%3A139405111-140526439&position=chr9%3A139405111-140526439"",""UCSC"")","##",".",".",".","11.21","0.48","6","3","##","0.09","9","3","100.00","1.24","124","1,3,4",0,0,1.121328,1,11," S002-BISH-01458 S002-RAPD-00225 S002-SANF-01675 S002-BISH-01448 S002-BISH-03840 S002-BISH-02020 S002-BISH-02849 S002-SANF-00906 S002-BISH-04056 S002-BISH-02757 S002-BISH-03746"
"S002-BISH-01448","Holm_PASS_OmEx_E_RW_01_F02_PT-1TCNK_200586740157_R06C01 [140]",9,139404895,140515875,1.11098,NA,3,NA,NA,1517.947,"h1","GStudio","pFAS","Fetal/Infant Guthrie Card",4,7,"##",9,139404895,140515875,"=HYPERLINK(""http://genome.ucsc.edu/cgi-bin/hgTracks?db=hg19&highlight=hg19.chr9%3A139404895-140515875&position=chr9%3A139404895-140515875"",""UCSC"")","##",".",".",".","11.32","0.48","6","3","##","0.09","9","3","100.00","1.24","124","1,3,4",0,0,1.11098,1,11," S002-BISH-01458 S002-RAPD-00225 S002-SANF-01675 S002-BISH-01462 S002-BISH-03840 S002-BISH-02020 S002-BISH-02849 S002-SANF-00906 S002-BISH-04056 S002-BISH-02757 S002-BISH-03746"
"S002-PINE-00440","Holm_PASS_OmEx_E_02_B05_PT-1TCMZ_200557770046_R02C01 [103]",8,144650059,145749835,1.099776,NA,3,NA,NA,1002.517,"h1","GStudio","pFAS","Umbilical Cord Blood (or Infant Blood)",1,2,"##",8,144650059,145749835,"=HYPERLINK(""http://genome.ucsc.edu/cgi-bin/hgTracks?db=hg19&highlight=hg19.chr8%3A144650059-145749835&position=chr8%3A144650059-145749835"",""UCSC"")","##",".",".",".","20.54","10.59","132","0,1,3,4","##","0.34","34","1,3","100.00","3.60","360","0,1,3,4",0,0,1.099776,1,21," S002-RAPD-00225 S002-BISH-01458 S002-BISH-02849 S002-SANF-00600 S002-BISH-02619 S002-BISH-02020 S002-BISH-01665 S002-BISH-02782 S002-BISH-03746 S002-RAPD-00714 S002-BISH-05675 S002-BISH-05173 S002-BISH-05137 S002-SANF-00870 S002-BISH-03330 S002-SANF-00906 S002-BISH-03840 S002-PINE-00491 S002-BISH-04314 S002-BISH-02739 S002-BISH-05697"
"S002-RAPD-00714","Holm_PASS_OmEx_E_01_G12_PT-1TCME_200586740150_R07C01 [10]",8,144772285,145761188,0.988903,NA,3,NA,NA,1275.132,"h1","GStudio","pFAS","Umbilical Cord Blood (or Infant Blood)",1,1,"##",8,144772285,145761188,"=HYPERLINK(""http://genome.ucsc.edu/cgi-bin/hgTracks?db=hg19&highlight=hg19.chr8%3A144772285-145761188&position=chr8%3A144772285-145761188"",""UCSC"")","##",".",".",".","20.02","0.48","6","1,3","##","0.33","33","1,3","100.00","0.87","87","0,1,3,4",0,0,0.988903,1,21," S002-RAPD-00225 S002-BISH-01458 S002-BISH-02849 S002-SANF-00600 S002-BISH-02619 S002-BISH-02020 S002-BISH-01665 S002-BISH-02782 S002-BISH-03746 S002-PINE-00440 S002-BISH-05675 S002-BISH-05173 S002-BISH-05137 S002-SANF-00870 S002-BISH-03330 S002-SANF-00906 S002-BISH-03840 S002-PINE-00491 S002-BISH-04314 S002-BISH-02739 S002-BISH-05697"
"S002-BISH-05675","Holm_PASS_OmEx_E_01_H04_PT-1TCM2_200586740139_R08C01 [14]",8,144776206,145763152,0.986946,NA,3,NA,NA,818.2108,"h1","GStudio","pFAS","Umbilical Cord Blood (or Infant Blood)",1,5,"##",8,144776206,145763152,"=HYPERLINK(""http://genome.ucsc.edu/cgi-bin/hgTracks?db=hg19&highlight=hg19.chr8%3A144776206-145763152&position=chr8%3A144776206-145763152"",""UCSC"")","##",".",".",".","20.25","0.48","6","1,3","##","0.33","33","1,3","100.00","0.87","87","0,1,3,4",0,0,0.986946,1,21," S002-RAPD-00225 S002-BISH-01458 S002-BISH-02849 S002-SANF-00600 S002-BISH-02619 S002-BISH-02020 S002-BISH-01665 S002-BISH-02782 S002-BISH-03746 S002-PINE-00440 S002-RAPD-00714 S002-BISH-05173 S002-BISH-05137 S002-SANF-00870 S002-BISH-03330 S002-SANF-00906 S002-BISH-03840 S002-PINE-00491 S002-BISH-04314 S002-BISH-02739 S002-BISH-05697"
"S002-BISH-05173","Holm_PASS_OmEx_E_01_H12_PT-1TCL8_200586740150_R08C01 [6]",8,144775871,145761188,0.985317,NA,3,NA,NA,1358.97,"h1","GStudio","SIDS","Umbilical Cord Blood (or Infant Blood)",4,5,"##",8,144775871,145761188,"=HYPERLINK(""http://genome.ucsc.edu/cgi-bin/hgTracks?db=hg19&highlight=hg19.chr8%3A144775871-145761188&position=chr8%3A144775871-145761188"",""UCSC"")","##",".",".",".","20.09","0.48","6","1,3","##","0.33","33","1,3","100.00","0.87","87","0,1,3,4",0,0,0.985317,1,21," S002-RAPD-00225 S002-BISH-01458 S002-BISH-02849 S002-SANF-00600 S002-BISH-02619 S002-BISH-02020 S002-BISH-01665 S002-BISH-02782 S002-BISH-03746 S002-PINE-00440 S002-RAPD-00714 S002-BISH-05675 S002-BISH-05137 S002-SANF-00870 S002-BISH-03330 S002-SANF-00906 S002-BISH-03840 S002-PINE-00491 S002-BISH-04314 S002-BISH-02739 S002-BISH-05697"
"S002-BISH-05137","Holm_PASS_OmEx_E_02_H04_PT-1TCLM_200562860056_R08C01 [118]",8,144772285,145753161,0.980876,NA,3,NA,NA,1239.756,"h1","GStudio","pFAS","Umbilical Cord Blood (or Infant Blood)",3,5,"##",8,144772285,145753161,"=HYPERLINK(""http://genome.ucsc.edu/cgi-bin/hgTracks?db=hg19&highlight=hg19.chr8%3A144772285-145753161&position=chr8%3A144772285-145753161"",""UCSC"")","##",".",".",".","19.36","0.48","6","1,3","##","0.34","34","1,3","100.00","0.87","87","0,1,3,4",0,0,0.980876,1,21," S002-RAPD-00225 S002-BISH-01458 S002-BISH-02849 S002-SANF-00600 S002-BISH-02619 S002-BISH-02020 S002-BISH-01665 S002-BISH-02782 S002-BISH-03746 S002-PINE-00440 S002-RAPD-00714 S002-BISH-05675 S002-BISH-05173 S002-SANF-00870 S002-BISH-03330 S002-SANF-00906 S002-BISH-03840 S002-PINE-00491 S002-BISH-04314 S002-BISH-02739 S002-BISH-05697"
"S002-SANF-00870","Holm_PASS_OmEx_E_02_H01_PT-1TCLO_200557030023_R08C01 [119]",8,144772285,145750506,0.978221,NA,3,NA,NA,2040.925,"h1","GStudio","pFAS","Umbilical Cord Blood (or Infant Blood)",1,1,"##",8,144772285,145750506,"=HYPERLINK(""http://genome.ucsc.edu/cgi-bin/hgTracks?db=hg19&highlight=hg19.chr8%3A144772285-145750506&position=chr8%3A144772285-145750506"",""UCSC"")","##",".",".",".","19.14","0.48","6","1,3","##","0.34","34","1,3","100.00","0.87","87","0,1,3,4",0,0,0.978221,1,21," S002-RAPD-00225 S002-BISH-01458 S002-BISH-02849 S002-SANF-00600 S002-BISH-02619 S002-BISH-02020 S002-BISH-01665 S002-BISH-02782 S002-BISH-03746 S002-PINE-00440 S002-RAPD-00714 S002-BISH-05675 S002-BISH-05173 S002-BISH-05137 S002-BISH-03330 S002-SANF-00906 S002-BISH-03840 S002-PINE-00491 S002-BISH-04314 S002-BISH-02739 S002-BISH-05697"
"S002-BISH-03330","Holm_PASS_OmEx_E_01_H05_PT-1TCLW_200586740158_R08C01 [13]",8,144776206,145753161,0.976955,NA,3,NA,NA,1251.471,"h1","GStudio","pFAS","Umbilical Cord Blood (or Infant Blood)",3,5,"##",8,144776206,145753161,"=HYPERLINK(""http://genome.ucsc.edu/cgi-bin/hgTracks?db=hg19&highlight=hg19.chr8%3A144776206-145753161&position=chr8%3A144776206-145753161"",""UCSC"")","##",".",".",".","19.44","0.48","6","1,3","##","0.34","34","1,3","100.00","0.87","87","0,1,3,4",0,0,0.976955,1,21," S002-RAPD-00225 S002-BISH-01458 S002-BISH-02849 S002-SANF-00600 S002-BISH-02619 S002-BISH-02020 S002-BISH-01665 S002-BISH-02782 S002-BISH-03746 S002-PINE-00440 S002-RAPD-00714 S002-BISH-05675 S002-BISH-05173 S002-BISH-05137 S002-SANF-00870 S002-SANF-00906 S002-BISH-03840 S002-PINE-00491 S002-BISH-04314 S002-BISH-02739 S002-BISH-05697"
"S002-SANF-00906","Holm_PASS_OmEx_E_01_G02_PT-1TCMU_200557030078_R07C01 [29]",8,144780670,145755918,0.975248,NA,3,NA,NA,1310.045,"h1","GStudio","pFAS","Umbilical Cord Blood (or Infant Blood)",3,1,"##",8,144780670,145755918,"=HYPERLINK(""http://genome.ucsc.edu/cgi-bin/hgTracks?db=hg19&highlight=hg19.chr8%3A144780670-145755918&position=chr8%3A144780670-145755918"",""UCSC"")","##",".",".",".","19.76","0.48","6","1,3","##","0.33","33","1,3","100.00","0.87","87","0,1,3,4",0,0,0.975248,1,21," S002-RAPD-00225 S002-BISH-01458 S002-BISH-02849 S002-SANF-00600 S002-BISH-02619 S002-BISH-02020 S002-BISH-01665 S002-BISH-02782 S002-BISH-03746 S002-PINE-00440 S002-RAPD-00714 S002-BISH-05675 S002-BISH-05173 S002-BISH-05137 S002-SANF-00870 S002-BISH-03330 S002-BISH-03840 S002-PINE-00491 S002-BISH-04314 S002-BISH-02739 S002-BISH-05697"
"S002-BISH-03840","Holm_PASS_OmEx_E_01_A02_PT-1TCLR_200557030078_R01C01 [2]",8,144779718,145753161,0.973443,NA,3,NA,NA,1544.566,"h1","GStudio","FAS","Umbilical Cord Blood (or Infant Blood)",1,5,"##",8,144779718,145753161,"=HYPERLINK(""http://genome.ucsc.edu/cgi-bin/hgTracks?db=hg19&highlight=hg19.chr8%3A144779718-145753161&position=chr8%3A144779718-145753161"",""UCSC"")","##",".",".",".","19.51","0.48","6","1,3","##","0.34","34","1,3","100.00","0.87","87","0,1,3,4",0,0,0.973443,1,21," S002-RAPD-00225 S002-BISH-01458 S002-BISH-02849 S002-SANF-00600 S002-BISH-02619 S002-BISH-02020 S002-BISH-01665 S002-BISH-02782 S002-BISH-03746 S002-PINE-00440 S002-RAPD-00714 S002-BISH-05675 S002-BISH-05173 S002-BISH-05137 S002-SANF-00870 S002-BISH-03330 S002-SANF-00906 S002-PINE-00491 S002-BISH-04314 S002-BISH-02739 S002-BISH-05697"
"S002-PINE-00491","Holm_PASS_OmEx_E_01_B12_PT-1TCLS_200586740150_R02C01 [69]",8,144779718,145753161,0.973443,NA,3,NA,NA,939.967,"h1","GStudio","pFAS","Umbilical Cord Blood (or Infant Blood)",2,3,"##",8,144779718,145753161,"=HYPERLINK(""http://genome.ucsc.edu/cgi-bin/hgTracks?db=hg19&highlight=hg19.chr8%3A144779718-145753161&position=chr8%3A144779718-145753161"",""UCSC"")","##",".",".",".","19.51","0.48","6","1,3","##","0.34","34","1,3","100.00","0.87","87","0,1,3,4",0,0,0.973443,1,21," S002-RAPD-00225 S002-BISH-01458 S002-BISH-02849 S002-SANF-00600 S002-BISH-02619 S002-BISH-02020 S002-BISH-01665 S002-BISH-02782 S002-BISH-03746 S002-PINE-00440 S002-RAPD-00714 S002-BISH-05675 S002-BISH-05173 S002-BISH-05137 S002-SANF-00870 S002-BISH-03330 S002-SANF-00906 S002-BISH-03840 S002-BISH-04314 S002-BISH-02739 S002-BISH-05697"
"S002-BISH-04314","Holm_PASS_OmEx_E_02_A04_PT-1TCH2_200562860056_R01C01 [108]",8,144779718,145753161,0.973443,NA,3,NA,NA,1432.174,"h1","GStudio","SB MVUP","Placenta (Parenchyma - Frozen)",4,4,"##",8,144779718,145753161,"=HYPERLINK(""http://genome.ucsc.edu/cgi-bin/hgTracks?db=hg19&highlight=hg19.chr8%3A144779718-145753161&position=chr8%3A144779718-145753161"",""UCSC"")","##",".",".",".","19.51","0.48","6","1,3","##","0.34","34","1,3","100.00","0.87","87","0,1,3,4",0,0,0.973443,1,21," S002-RAPD-00225 S002-BISH-01458 S002-BISH-02849 S002-SANF-00600 S002-BISH-02619 S002-BISH-02020 S002-BISH-01665 S002-BISH-02782 S002-BISH-03746 S002-PINE-00440 S002-RAPD-00714 S002-BISH-05675 S002-BISH-05173 S002-BISH-05137 S002-SANF-00870 S002-BISH-03330 S002-SANF-00906 S002-BISH-03840 S002-PINE-00491 S002-BISH-02739 S002-BISH-05697"
"S002-BISH-02739","Holm_PASS_OmEx_E_01_C02_PT-1TCM6_200557030078_R03C01 [67]",8,144780670,145750506,0.969836,NA,3,NA,NA,1065.48,"h1","GStudio","pFAS","Umbilical Cord Blood (or Infant Blood)",1,4,"##",8,144780670,145750506,"=HYPERLINK(""http://genome.ucsc.edu/cgi-bin/hgTracks?db=hg19&highlight=hg19.chr8%3A144780670-145750506&position=chr8%3A144780670-145750506"",""UCSC"")","##",".",".",".","19.31","0.48","6","1,3","##","0.34","34","1,3","100.00","0.87","87","0,1,3,4",0,0,0.969836,1,21," S002-RAPD-00225 S002-BISH-01458 S002-BISH-02849 S002-SANF-00600 S002-BISH-02619 S002-BISH-02020 S002-BISH-01665 S002-BISH-02782 S002-BISH-03746 S002-PINE-00440 S002-RAPD-00714 S002-BISH-05675 S002-BISH-05173 S002-BISH-05137 S002-SANF-00870 S002-BISH-03330 S002-SANF-00906 S002-BISH-03840 S002-PINE-00491 S002-BISH-04314 S002-BISH-05697"
"S002-BISH-05697","Holm_PASS_OmEx_E_01_E02_PT-1TCL7_200557030078_R05C01 [48]",8,144780670,145749835,0.969165,NA,3,NA,NA,1371.818,"h1","GStudio","FAS","Umbilical Cord Blood (or Infant Blood)",3,5,"##",8,144780670,145749835,"=HYPERLINK(""http://genome.ucsc.edu/cgi-bin/hgTracks?db=hg19&highlight=hg19.chr8%3A144780670-145749835&position=chr8%3A144780670-145749835"",""UCSC"")","##",".",".",".","19.25","0.48","6","1,3","##","0.34","34","1,3","100.00","0.87","87","0,1,3,4",0,0,0.969165,1,21," S002-RAPD-00225 S002-BISH-01458 S002-BISH-02849 S002-SANF-00600 S002-BISH-02619 S002-BISH-02020 S002-BISH-01665 S002-BISH-02782 S002-BISH-03746 S002-PINE-00440 S002-RAPD-00714 S002-BISH-05675 S002-BISH-05173 S002-BISH-05137 S002-SANF-00870 S002-BISH-03330 S002-SANF-00906 S002-BISH-03840 S002-PINE-00491 S002-BISH-04314 S002-BISH-02739"
"S002-PINE-00440","Holm_PASS_OmEx_E_02_B05_PT-1TCMZ_200557770046_R02C01 [103]",16,29246102,30199713,0.953611,NA,3,NA,NA,1019.071,"h1","GStudio","pFAS","Umbilical Cord Blood (or Infant Blood)",1,2,"##",16,29246102,30199713,"=HYPERLINK(""http://genome.ucsc.edu/cgi-bin/hgTracks?db=hg19&highlight=hg19.chr16%3A29246102-30199713&position=chr16%3A29246102-30199713"",""UCSC"")","##",".",".",".","16.86","0.16","2","1,3","##",".",".",".","100.00","0.42","42","1,3",0,0,0.60423,0.63362314402833,1," S002-BISH-02860"
"S002-BISH-02860","Holm_PASS_OmEx_E_02_E01_PT-1TCMH_200557030023_R05C01 [92]",16,29595483,30439309,0.843826,NA,3,NA,NA,1119.29,"h1","GStudio","FAS","Umbilical Cord Blood (or Infant Blood)",3,4,"##",16,29595483,30439309,"=HYPERLINK(""http://genome.ucsc.edu/cgi-bin/hgTracks?db=hg19&highlight=hg19.chr16%3A29595483-30439309&position=chr16%3A29595483-30439309"",""UCSC"")","##",".",".",".","2.44","0.08","1","3","##","0.01","1","3","100.00","0.38","38","1,3",0,0,0.60423,0.716059946007826,1," S002-PINE-00440"
"S002-BISH-03840","Holm_PASS_OmEx_E_01_A02_PT-1TCLR_200557030078_R01C01 [2]",9,139375962,140207278,0.831316,NA,3,NA,NA,830.5837,"h1","GStudio","FAS","Umbilical Cord Blood (or Infant Blood)",1,5,"##",9,139375962,140207278,"=HYPERLINK(""http://genome.ucsc.edu/cgi-bin/hgTracks?db=hg19&highlight=hg19.chr9%3A139375962-140207278&position=chr9%3A139375962-140207278"",""UCSC"")","##",".",".",".","7.67","0.16","2","3","##","0.11","11","3","100.00","1.05","105","1,3,4",0,0,0.831316,1,11," S002-BISH-01458 S002-RAPD-00225 S002-SANF-01675 S002-BISH-01462 S002-BISH-01448 S002-BISH-02020 S002-BISH-02849 S002-SANF-00906 S002-BISH-04056 S002-BISH-02757 S002-BISH-03746"
"S002-BISH-02020","Holm_PASS_OmEx_E_RW_01_E03_PT-1TCNJ_200586740140_R05C01 [137]",9,139391934,140207278,0.815344,NA,3,NA,NA,1160.461,"h1","GStudio","pFAS","Fetal/Infant Guthrie Card",4,5,"##",9,139391934,140207278,"=HYPERLINK(""http://genome.ucsc.edu/cgi-bin/hgTracks?db=hg19&highlight=hg19.chr9%3A139391934-140207278&position=chr9%3A139391934-140207278"",""UCSC"")","##",".",".",".","7.83","0.16","2","3","##","0.11","11","3","100.00","1.04","104","1,3,4",0,0,0.815344,1,11," S002-BISH-01458 S002-RAPD-00225 S002-SANF-01675 S002-BISH-01462 S002-BISH-01448 S002-BISH-03840 S002-BISH-02849 S002-SANF-00906 S002-BISH-04056 S002-BISH-02757 S002-BISH-03746"
"S002-BISH-02849","Holm_PASS_OmEx_E_RW_01_F03_PT-1TCHT_200586740140_R06C01 [139]",9,139405111,140207278,0.802167,NA,3,NA,NA,979.6206,"h1","GStudio","FAS","Infant Salivary",4,1,"##",9,139405111,140207278,"=HYPERLINK(""http://genome.ucsc.edu/cgi-bin/hgTracks?db=hg19&highlight=hg19.chr9%3A139405111-140207278&position=chr9%3A139405111-140207278"",""UCSC"")","##",".",".",".","7.95","0.16","2","3","##","0.11","11","3","100.00","1.04","104","1,3,4",0,0,0.802167,1,11," S002-BISH-01458 S002-RAPD-00225 S002-SANF-01675 S002-BISH-01462 S002-BISH-01448 S002-BISH-03840 S002-BISH-02020 S002-SANF-00906 S002-BISH-04056 S002-BISH-02757 S002-BISH-03746"
"S002-SANF-00906","Holm_PASS_OmEx_E_01_G02_PT-1TCMU_200557030078_R07C01 [29]",9,139409035,140207278,0.798243,NA,3,NA,NA,1026.551,"h1","GStudio","pFAS","Umbilical Cord Blood (or Infant Blood)",3,1,"##",9,139409035,140207278,"=HYPERLINK(""http://genome.ucsc.edu/cgi-bin/hgTracks?db=hg19&highlight=hg19.chr9%3A139409035-140207278&position=chr9%3A139409035-140207278"",""UCSC"")","##",".",".",".","7.99","0.16","2","3","##","0.11","11","3","100.00","1.04","104","1,3,4",0,0,0.798243,1,11," S002-BISH-01458 S002-RAPD-00225 S002-SANF-01675 S002-BISH-01462 S002-BISH-01448 S002-BISH-03840 S002-BISH-02020 S002-BISH-02849 S002-BISH-04056 S002-BISH-02757 S002-BISH-03746"
"S002-BISH-04056","Holm_PASS_OmEx_E_01_B02_PT-1TCI4_200557030078_R02C01 [80]",9,139409035,140207278,0.798243,NA,3,NA,NA,851.049,"h1","GStudio","pFAS","Infant Salivary",1,5,"##",9,139409035,140207278,"=HYPERLINK(""http://genome.ucsc.edu/cgi-bin/hgTracks?db=hg19&highlight=hg19.chr9%3A139409035-140207278&position=chr9%3A139409035-140207278"",""UCSC"")","##",".",".",".","7.99","0.16","2","3","##","0.11","11","3","100.00","1.04","104","1,3,4",0,0,0.798243,1,11," S002-BISH-01458 S002-RAPD-00225 S002-SANF-01675 S002-BISH-01462 S002-BISH-01448 S002-BISH-03840 S002-BISH-02020 S002-BISH-02849 S002-SANF-00906 S002-BISH-02757 S002-BISH-03746"
"S002-BISH-02782","Holm_PASS_OmEx_E_02_A03_PT-1TCGZ_200557770048_R01C01 [107]",19,389873,1185924,0.796051,NA,3,NA,NA,925.0649,"h1","GStudio","SB MVUP","Placenta (Parenchyma - Frozen)",1,5,"##",19,389873,1185924,"=HYPERLINK(""http://genome.ucsc.edu/cgi-bin/hgTracks?db=hg19&highlight=hg19.chr19%3A389873-1185924&position=chr19%3A389873-1185924"",""UCSC"")","##",".",".",".","66.36","1.52","19","3","##","0.20","20","1,3","100.00","1.18","118","1,3,4",0,0,0.796051,1,7," S002-RAPD-00225 S002-BISH-01458 S002-BISH-03704 S002-BISH-02849 S002-BISH-01448 S002-BISH-02020 S002-SANF-00870"
"S002-BISH-00105","Holm_PASS_OmEx_E_01_F05_PT-1TCNQ_200586740158_R06C01 [35]",9,6873125,7666387,0.793262,NA,3,NA,NA,3897.862,"h1","GStudio","pFAS","Fetal/Infant Guthrie Card",1,5,"##",9,6873125,7666387,"=HYPERLINK(""http://genome.ucsc.edu/cgi-bin/hgTracks?db=hg19&highlight=hg19.chr9%3A6873125-7666387&position=chr9%3A6873125-7666387"",""UCSC"")","##",".",".",".","63.46","0.96","12","1,3","##",".",".",".","99.49","0.46","46","1,3",0,0,0.793262,1,1," S002-BISH-00633"
"S002-BISH-02757","Holm_PASS_OmEx_E_02_H06_PT-1TCLK_200557030131_R08C01 [116]",9,139374952,140167730,0.792778,NA,3,NA,NA,842.1055,"h1","GStudio","pFAS","Umbilical Cord Blood (or Infant Blood)",1,1,"##",9,139374952,140167730,"=HYPERLINK(""http://genome.ucsc.edu/cgi-bin/hgTracks?db=hg19&highlight=hg19.chr9%3A139374952-140167730&position=chr9%3A139374952-140167730"",""UCSC"")","##",".",".",".","8.05","0.16","2","3","##","0.11","11","3","100.00","1.05","105","1,3,4",0,0,0.792778,1,11," S002-BISH-01458 S002-RAPD-00225 S002-SANF-01675 S002-BISH-01462 S002-BISH-01448 S002-BISH-03840 S002-BISH-02020 S002-BISH-02849 S002-SANF-00906 S002-BISH-04056 S002-BISH-03746"
"S002-BISH-04056","Holm_PASS_OmEx_E_01_B02_PT-1TCI4_200557030078_R02C01 [80]",11,249097,1019413,0.770316,NA,3,NA,NA,863.2371,"h1","GStudio","pFAS","Infant Salivary",1,5,"##",11,249097,1019413,"=HYPERLINK(""http://genome.ucsc.edu/cgi-bin/hgTracks?db=hg19&highlight=hg19.chr11%3A249097-1019413&position=chr11%3A249097-1019413"",""UCSC"")","##",".",".",".","57.43","0.96","12","0,1,3","##","0.28","28","3","100.00","1.03","103","0,1,3,4",0,0,0.770316,1,7," S002-RAPD-00225 S002-BISH-01458 S002-BISH-02849 S002-SANF-00870 NA12878 S002-BISH-01665 S002-BISH-04314"
"S002-BISH-01534","Holm_PASS_OmEx_E_02_C07_PT-1TCOU_200562860101_R03C01 [98]",16,81865235,82620805,0.75557,NA,3,NA,NA,2514.579,"h1","GStudio","FAS","Fetal/Infant Guthrie Card",1,5,"##",16,81865235,82620805,"=HYPERLINK(""http://genome.ucsc.edu/cgi-bin/hgTracks?db=hg19&highlight=hg19.chr16%3A81865235-82620805&position=chr16%3A81865235-82620805"",""UCSC"")","##",".",".",".","2.95","0.32","4","1","##",".",".",".","64.14","0.18","18","1,3",0,0,0,0,0,""
"S002-BISH-02849","Holm_PASS_OmEx_E_RW_01_F03_PT-1TCHT_200586740140_R06C01 [139]",11,284636,1021268,0.736632,NA,3,NA,NA,1465.818,"h1","GStudio","FAS","Infant Salivary",4,1,"##",11,284636,1021268,"=HYPERLINK(""http://genome.ucsc.edu/cgi-bin/hgTracks?db=hg19&highlight=hg19.chr11%3A284636-1021268&position=chr11%3A284636-1021268"",""UCSC"")","##",".",".",".","60.06","0.96","12","0,1,3","##","0.28","28","3","100.00","1.00","100","0,1,3,4",0,0,0.736632,1,7," S002-RAPD-00225 S002-BISH-01458 S002-BISH-04056 S002-SANF-00870 NA12878 S002-BISH-01665 S002-BISH-04314"
"NA12878","Holm_PASS_OmEx_E_RW_01_A01_NA12878_200586740182_R01C01 [134]",1,846808,1572310,0.725502,NA,3,NA,NA,1046.343,"h1","GStudio",NA,NA,NA,NA,"##",1,846808,1572310,"=HYPERLINK(""http://genome.ucsc.edu/cgi-bin/hgTracks?db=hg19&highlight=hg19.chr1%3A846808-1572310&position=chr1%3A846808-1572310"",""UCSC"")","##",".",".",".","82.85","2.33","29","1,3,4","##","0.30","30","3","100.00","2.10","210","1,3,4",0,0,0.725502,1,5," S002-RAPD-00225 S002-BISH-01448 S002-BISH-01458 S002-BISH-02619 S002-BISH-02020"
"S002-RAPD-00225","Holm_PASS_OmEx_E_RW_01_C03_PT-1TCNN_200586740140_R03C01 [136]",6,31496915,32212985,0.71607,NA,3,NA,NA,900.6992,"h1","GStudio","pFAS","Fetal/Infant Guthrie Card",1,1,"##",6,31496915,32212985,"=HYPERLINK(""http://genome.ucsc.edu/cgi-bin/hgTracks?db=hg19&highlight=hg19.chr6%3A31496915-32212985&position=chr6%3A31496915-32212985"",""UCSC"")","##",".",".",".","10.00","7.54","94","1,3,4","##",".",".",".","81.69","3.34","334","0,1,3,4",0,0,0,0,0,""
"S002-RAPD-00225","Holm_PASS_OmEx_E_RW_01_C03_PT-1TCNN_200586740140_R03C01 [136]",19,55573633,56223885,0.650252,NA,3,NA,NA,839.357,"h1","GStudio","pFAS","Fetal/Infant Guthrie Card",1,1,"##",19,55573633,56223885,"=HYPERLINK(""http://genome.ucsc.edu/cgi-bin/hgTracks?db=hg19&highlight=hg19.chr19%3A55573633-56223885&position=chr19%3A55573633-56223885"",""UCSC"")","##",".",".",".","42.48","0.40","5","1,3","##","0.01","1","3","100.00","0.16","16","1,3",0,0,0.632004,0.971937033642342,1," S002-BISH-01458"
"S002-BISH-01458","Holm_PASS_OmEx_E_RW_01_E02_PT-1TCND_200586740157_R05C01 [138]",19,55573633,56205637,0.632004,NA,3,NA,NA,827.0189,"h1","GStudio","FAS","Fetal/Infant Guthrie Card",1,4,"##",19,55573633,56205637,"=HYPERLINK(""http://genome.ucsc.edu/cgi-bin/hgTracks?db=hg19&highlight=hg19.chr19%3A55573633-56205637&position=chr19%3A55573633-56205637"",""UCSC"")","##",".",".",".","43.71","0.40","5","1,3","##","0.01","1","3","100.00","0.15","15","1,3",0,0,0.632004,1,1," S002-RAPD-00225"
"S002-SANF-00870","Holm_PASS_OmEx_E_02_H01_PT-1TCLO_200557030023_R08C01 [119]",11,272199,898344,0.626145,NA,3,NA,NA,1208.592,"h1","GStudio","pFAS","Umbilical Cord Blood (or Infant Blood)",1,1,"##",11,272199,898344,"=HYPERLINK(""http://genome.ucsc.edu/cgi-bin/hgTracks?db=hg19&highlight=hg19.chr11%3A272199-898344&position=chr11%3A272199-898344"",""UCSC"")","##",".",".",".","65.03","0.96","12","0,1,3","##","0.29","29","3","100.00","1.02","102","0,1,3,4",0,0,0.626145,1,7," S002-RAPD-00225 S002-BISH-01458 S002-BISH-04056 S002-BISH-02849 NA12878 S002-BISH-01665 S002-BISH-04314"
"NA12878","Holm_PASS_OmEx_E_RW_01_A01_NA12878_200586740182_R01C01 [134]",11,281283,862667,0.581384,NA,3,NA,NA,1045.584,"h1","GStudio",NA,NA,NA,NA,"##",11,281283,862667,"=HYPERLINK(""http://genome.ucsc.edu/cgi-bin/hgTracks?db=hg19&highlight=hg19.chr11%3A281283-862667&position=chr11%3A281283-862667"",""UCSC"")","##",".",".",".","63.90","0.88","11","0,1,3","##","0.29","29","3","100.00","1.00","100","0,1,3,4",0,0,0.581384,1,7," S002-RAPD-00225 S002-BISH-01458 S002-BISH-04056 S002-BISH-02849 S002-SANF-00870 S002-BISH-01665 S002-BISH-04314"
"S002-BISH-01665","Holm_PASS_OmEx_E_01_B03_PT-1TCHQ_200586740170_R02C01 [77]",11,281494,862667,0.581173,NA,3,NA,NA,852.2963,"h1","GStudio","pFAS","Infant Salivary",4,5,"##",11,281494,862667,"=HYPERLINK(""http://genome.ucsc.edu/cgi-bin/hgTracks?db=hg19&highlight=hg19.chr11%3A281494-862667&position=chr11%3A281494-862667"",""UCSC"")","##",".",".",".","63.92","0.88","11","0,1,3","##","0.29","29","3","100.00","1.00","100","0,1,3,4",0,0,0.581173,1,7," S002-RAPD-00225 S002-BISH-01458 S002-BISH-04056 S002-BISH-02849 S002-SANF-00870 NA12878 S002-BISH-04314"
"S002-BISH-04314","Holm_PASS_OmEx_E_02_A04_PT-1TCH2_200562860056_R01C01 [108]",11,273153,850319,0.577166,NA,3,NA,NA,1057.421,"h1","GStudio","SB MVUP","Placenta (Parenchyma - Frozen)",4,4,"##",11,273153,850319,"=HYPERLINK(""http://genome.ucsc.edu/cgi-bin/hgTracks?db=hg19&highlight=hg19.chr11%3A273153-850319&position=chr11%3A273153-850319"",""UCSC"")","##",".",".",".","62.23","0.88","11","0,1,3","##","0.29","29","3","100.00","1.00","100","0,1,3,4",0,0,0.577166,1,7," S002-RAPD-00225 S002-BISH-01458 S002-BISH-04056 S002-BISH-02849 S002-SANF-00870 NA12878 S002-BISH-01665"
"S002-BISH-05742","Holm_PASS_OmEx_E_01_G06_PT-1TCML_200586740149_R07C01 [17]",3,158583584,159155504,0.57192,NA,3,NA,NA,925.8552,"h1","GStudio","FAS","Umbilical Cord Blood (or Infant Blood)",1,1,"##",3,158583584,159155504,"=HYPERLINK(""http://genome.ucsc.edu/cgi-bin/hgTracks?db=hg19&highlight=hg19.chr3%3A158583584-159155504&position=chr3%3A158583584-159155504"",""UCSC"")","##",".",".",".",".",".",".",".","##",".",".",".","17.87","0.09","9","1,3",0,0,0,0,0,""
"S002-SANF-00870","Holm_PASS_OmEx_E_02_H01_PT-1TCLO_200557030023_R08C01 [119]",19,966785,1535945,0.56916,NA,3,NA,NA,1011.827,"h1","GStudio","pFAS","Umbilical Cord Blood (or Infant Blood)",1,1,"##",19,966785,1535945,"=HYPERLINK(""http://genome.ucsc.edu/cgi-bin/hgTracks?db=hg19&highlight=hg19.chr19%3A966785-1535945&position=chr19%3A966785-1535945"",""UCSC"")","##",".",".",".","68.71","4.97","62","3","##","0.20","20","1,3","100.00","1.29","129","1,3,4",0,0,0.56916,1,8," S002-RAPD-00225 S002-BISH-01458 S002-BISH-03704 S002-BISH-02849 S002-BISH-01448 S002-BISH-02020 S002-BISH-02619 S002-BISH-02782"
"S002-RAPD-00225","Holm_PASS_OmEx_E_RW_01_C03_PT-1TCNN_200586740140_R03C01 [136]",22,50684772,51195728,0.510956,NA,3,NA,NA,895.0665,"h1","GStudio","pFAS","Fetal/Infant Guthrie Card",1,1,"##",22,50684772,51195728,"=HYPERLINK(""http://genome.ucsc.edu/cgi-bin/hgTracks?db=hg19&highlight=hg19.chr22%3A50684772-51195728&position=chr22%3A50684772-51195728"",""UCSC"")","##",".",".",".","0.0018","0.24","3","0","##","0.12","12","1,3","100.00","0.48","48","0,1,3",0,0,0,0,0,""
"S002-BISH-03746","Holm_PASS_OmEx_E_02_A05_PT-1TCI2_200557770046_R01C01 [109]",9,139699871,140207278,0.507407,NA,3,NA,NA,802.7889,"h1","GStudio","FAS","Infant Salivary",4,1,"##",9,139699871,140207278,"=HYPERLINK(""http://genome.ucsc.edu/cgi-bin/hgTracks?db=hg19&highlight=hg19.chr9%3A139699871-140207278&position=chr9%3A139699871-140207278"",""UCSC"")","##",".",".",".",".",".",".",".","##","0.11","11","3","100.00","0.57","57","1,3,4",0,0,0.507407,1,11," S002-BISH-01458 S002-RAPD-00225 S002-SANF-01675 S002-BISH-01462 S002-BISH-01448 S002-BISH-03840 S002-BISH-02020 S002-BISH-02849 S002-SANF-00906 S002-BISH-04056 S002-BISH-02757"
"S002-BISH-04067","Holm_PASS_OmEx_E_01_D08_PT-1TCLX_200586740159_R04C01 [49]",1,65803765,66292706,0.488941,NA,3,NA,NA,1109.523,"h1","GStudio","FAS","Umbilical Cord Blood (or Infant Blood)",1,4,"##",1,65803765,66292706,"=HYPERLINK(""http://genome.ucsc.edu/cgi-bin/hgTracks?db=hg19&highlight=hg19.chr1%3A65803765-66292706&position=chr1%3A65803765-66292706"",""UCSC"")","##",".",".",".","33.07","0.16","2","1,3","##",".",".",".","62.41","0.19","19","1,3",0,0,0,0,0,""
"S002-BISH-02722","Holm_PASS_OmEx_E_01_E09_PT-1TCLG_200562860100_R05C01 [42]",1,247834126,248297531,0.463405,NA,3,NA,NA,914.1014,"h1","GStudio","SIDS","Umbilical Cord Blood (or Infant Blood)",1,5,"##",1,247834126,248297531,"=HYPERLINK(""http://genome.ucsc.edu/cgi-bin/hgTracks?db=hg19&highlight=hg19.chr1%3A247834126-248297531&position=chr1%3A247834126-248297531"",""UCSC"")","##","0.24","3","1,3","100.00","0.56","7","1,3","##","0.05","5","1,3","100.00","0.45","45","1,3",0.151247,0.326381890570883,0,0,0,""
"S002-RAPD-00225","Holm_PASS_OmEx_E_RW_01_C03_PT-1TCNN_200586740140_R03C01 [136]",17,66878774,67318946,0.440172,NA,1,NA,NA,918.0333,"h1","GStudio","pFAS","Fetal/Infant Guthrie Card",1,1,"##",17,66878774,67318946,"=HYPERLINK(""http://genome.ucsc.edu/cgi-bin/hgTracks?db=hg19&highlight=hg19.chr17%3A66878774-67318946&position=chr17%3A66878774-67318946"",""UCSC"")","##",".",".",".","7.36","0.16","2","1,3","##","0.02","2","3","100.00","0.09","9","1,3",0,0,0,0,0,""
"S002-SANF-01181","Holm_PASS_OmEx_E_01_H01_PT-1TCM8_200586740076_R08C01 [9]",17,50951579,51319040,0.367461,NA,1,NA,NA,822.7982,"h1","GStudio","pFAS","Umbilical Cord Blood (or Infant Blood)",2,1,"##",17,50951579,51319040,"=HYPERLINK(""http://genome.ucsc.edu/cgi-bin/hgTracks?db=hg19&highlight=hg19.chr17%3A50951579-51319040&position=chr17%3A50951579-51319040"",""UCSC"")","##",".",".",".","56.43","0.40","5","1,3","##",".",".",".","100.00","0.17","17","1,3",0,0,0,0,0,""
"S002-BISH-02849","Holm_PASS_OmEx_E_RW_01_F03_PT-1TCHT_200586740140_R06C01 [139]",11,107992346,108352891,0.360545,NA,1,NA,NA,983.985,"h1","GStudio","FAS","Infant Salivary",4,1,"##",11,107992346,108352891,"=HYPERLINK(""http://genome.ucsc.edu/cgi-bin/hgTracks?db=hg19&highlight=hg19.chr11%3A107992346-108352891&position=chr11%3A107992346-108352891"",""UCSC"")","##",".",".",".",".",".",".",".","##",".",".",".","4.62","0.01","1","3",0,0,0.324221,0.899252520489814,2," S002-BISH-02786 S002-BISH-02035"
"S002-BISH-02786","Holm_PASS_OmEx_E_01_B06_PT-1TCHS_200586740149_R02C01 [76]",11,102983984,103335225,0.351241,NA,0,NA,NA,1445.612,"h1","GStudio","pFAS","Infant Salivary",5,1,"##",11,102983984,103335225,"=HYPERLINK(""http://genome.ucsc.edu/cgi-bin/hgTracks?db=hg19&highlight=hg19.chr11%3A102983984-103335225&position=chr11%3A102983984-103335225"",""UCSC"")","##",".",".",".",".",".",".",".","##",".",".",".","67.89","0.03","3","3",0,0,0.316286,0.900481435823267,5," S002-BISH-00980 S002-BISH-04600 S002-BISH-01156 S002-RAPD-00225 S002-BISH-02849"
"S002-BISH-03043","Holm_PASS_OmEx_E_01_H06_PT-1TCLV_200586740149_R08C01 [12]",10,48320402,48661159,0.340757,NA,3,NA,NA,811.4976,"h1","GStudio","Malformation","Umbilical Cord Blood (or Infant Blood)",1,6,"##",10,48320402,48661159,"=HYPERLINK(""http://genome.ucsc.edu/cgi-bin/hgTracks?db=hg19&highlight=hg19.chr10%3A48320402-48661159&position=chr10%3A48320402-48661159"",""UCSC"")","##",".",".",".","9.30","0.16","2","1,3","##","0.06","6","3","100.00","0.30","30","1,3",0.340757,1,0,0,0,""
"S002-BISH-00980","Holm_PASS_OmEx_E_01_A12_PT-1TCHO_200586740150_R01C01 [82]",11,102983984,103300270,0.316286,NA,0,NA,NA,923.0605,"h1","GStudio","pFAS","Infant Salivary",1,1,"##",11,102983984,103300270,"=HYPERLINK(""http://genome.ucsc.edu/cgi-bin/hgTracks?db=hg19&highlight=hg19.chr11%3A102983984-103300270&position=chr11%3A102983984-103300270"",""UCSC"")","##",".",".",".",".",".",".",".","##",".",".",".","69.98","0.02","2","3",0,0,0.316286,1,5," S002-BISH-02786 S002-BISH-04600 S002-BISH-01156 S002-RAPD-00225 S002-BISH-02849"
"S002-BISH-00105","Holm_PASS_OmEx_E_01_F05_PT-1TCNQ_200586740158_R06C01 [35]",9,7802252,8115492,0.31324,NA,3,NA,NA,1197.716,"h1","GStudio","pFAS","Fetal/Infant Guthrie Card",1,5,"##",9,7802252,8115492,"=HYPERLINK(""http://genome.ucsc.edu/cgi-bin/hgTracks?db=hg19&highlight=hg19.chr9%3A7802252-8115492&position=chr9%3A7802252-8115492"",""UCSC"")","##",".",".",".","17.98","0.48","6","1","##",".",".",".","81.82","0.66","66","1,3",0,0,0.31324,1,1," S002-BISH-00633"
"S002-BISH-02786","Holm_PASS_OmEx_E_01_B06_PT-1TCHS_200586740149_R02C01 [76]",11,108043888,108334321,0.290433,NA,0,NA,NA,801.7206,"h1","GStudio","pFAS","Infant Salivary",5,1,"##",11,108043888,108334321,"=HYPERLINK(""http://genome.ucsc.edu/cgi-bin/hgTracks?db=hg19&highlight=hg19.chr11%3A108043888-108334321&position=chr11%3A108043888-108334321"",""UCSC"")","##",".",".",".",".",".",".",".","##",".",".",".",".",".",".",".",0,0,0.290433,1,2," S002-BISH-02849 S002-BISH-02035"
"S002-BISH-05742","Holm_PASS_OmEx_E_01_G06_PT-1TCML_200586740149_R07C01 [17]",16,570623,847877,0.277254,NA,3,NA,NA,820.9077,"h1","GStudio","FAS","Umbilical Cord Blood (or Infant Blood)",1,1,"##",16,570623,847877,"=HYPERLINK(""http://genome.ucsc.edu/cgi-bin/hgTracks?db=hg19&highlight=hg19.chr16%3A570623-847877&position=chr16%3A570623-847877"",""UCSC"")","##",".",".",".","31.74","0.08","1","3","##","0.21","21","1,3","100.00","0.62","62","1,3",0,0,0.277254,1,19," S002-RAPD-00225 S002-BISH-01462 S002-BISH-02671 S002-BISH-03043 S002-BISH-02857 S002-SANF-01902 S002-SANF-01252 S002-BISH-02579 S002-BISH-04788 S002-BISH-02722 S002-BISH-02739 S002-BISH-04366 S002-BISH-02619 S002-BISH-04080 S002-SANF-00906 S002-BISH-06098 S002-BISH-02918 S002-BISH-03840 S002-BISH-05137"
"S002-BISH-02671","Holm_PASS_OmEx_E_01_F12_PT-1TCMV_200586740150_R06C01 [31]",16,570623,847877,0.277254,NA,3,NA,NA,950.8054,"h1","GStudio","pFAS","Umbilical Cord Blood (or Infant Blood)",2,1,"##",16,570623,847877,"=HYPERLINK(""http://genome.ucsc.edu/cgi-bin/hgTracks?db=hg19&highlight=hg19.chr16%3A570623-847877&position=chr16%3A570623-847877"",""UCSC"")","##",".",".",".","31.74","0.08","1","3","##","0.21","21","1,3","100.00","0.62","62","1,3",0,0,0.277254,1,19," S002-RAPD-00225 S002-BISH-01462 S002-BISH-05742 S002-BISH-03043 S002-BISH-02857 S002-SANF-01902 S002-SANF-01252 S002-BISH-02579 S002-BISH-04788 S002-BISH-02722 S002-BISH-02739 S002-BISH-04366 S002-BISH-02619 S002-BISH-04080 S002-SANF-00906 S002-BISH-06098 S002-BISH-02918 S002-BISH-03840 S002-BISH-05137"
"S002-BISH-03043","Holm_PASS_OmEx_E_01_H06_PT-1TCLV_200586740149_R08C01 [12]",16,570623,847743,0.27712,NA,3,NA,NA,995.7935,"h1","GStudio","Malformation","Umbilical Cord Blood (or Infant Blood)",1,6,"##",16,570623,847743,"=HYPERLINK(""http://genome.ucsc.edu/cgi-bin/hgTracks?db=hg19&highlight=hg19.chr16%3A570623-847743&position=chr16%3A570623-847743"",""UCSC"")","##",".",".",".","31.76","0.08","1","3","##","0.21","21","1,3","100.00","0.62","62","1,3",0,0,0.27712,1,19," S002-RAPD-00225 S002-BISH-01462 S002-BISH-05742 S002-BISH-02671 S002-BISH-02857 S002-SANF-01902 S002-SANF-01252 S002-BISH-02579 S002-BISH-04788 S002-BISH-02722 S002-BISH-02739 S002-BISH-04366 S002-BISH-02619 S002-BISH-04080 S002-SANF-00906 S002-BISH-06098 S002-BISH-02918 S002-BISH-03840 S002-BISH-05137"
"S002-BISH-02857","Holm_PASS_OmEx_E_01_H03_PT-1TCM7_200586740170_R08C01 [15]",16,570623,847743,0.27712,NA,3,NA,NA,1094.118,"h1","GStudio","pFAS","Umbilical Cord Blood (or Infant Blood)",2,2,"##",16,570623,847743,"=HYPERLINK(""http://genome.ucsc.edu/cgi-bin/hgTracks?db=hg19&highlight=hg19.chr16%3A570623-847743&position=chr16%3A570623-847743"",""UCSC"")","##",".",".",".","31.76","0.08","1","3","##","0.21","21","1,3","100.00","0.62","62","1,3",0,0,0.27712,1,19," S002-RAPD-00225 S002-BISH-01462 S002-BISH-05742 S002-BISH-02671 S002-BISH-03043 S002-SANF-01902 S002-SANF-01252 S002-BISH-02579 S002-BISH-04788 S002-BISH-02722 S002-BISH-02739 S002-BISH-04366 S002-BISH-02619 S002-BISH-04080 S002-SANF-00906 S002-BISH-06098 S002-BISH-02918 S002-BISH-03840 S002-BISH-05137"
"S002-SANF-01902","Holm_PASS_OmEx_E_01_C01_PT-1TCLU_200586740076_R03C01 [68]",16,575312,847913,0.272601,NA,3,NA,NA,948.0482,"h1","GStudio","pFAS","Umbilical Cord Blood (or Infant Blood)",4,1,"##",16,575312,847913,"=HYPERLINK(""http://genome.ucsc.edu/cgi-bin/hgTracks?db=hg19&highlight=hg19.chr16%3A575312-847913&position=chr16%3A575312-847913"",""UCSC"")","##",".",".",".","32.29","0.08","1","3","##","0.23","23","1,3","100.00","0.62","62","1,3",0,0,0.272601,1,19," S002-RAPD-00225 S002-BISH-01462 S002-BISH-05742 S002-BISH-02671 S002-BISH-03043 S002-BISH-02857 S002-SANF-01252 S002-BISH-02579 S002-BISH-04788 S002-BISH-02722 S002-BISH-02739 S002-BISH-04366 S002-BISH-02619 S002-BISH-04080 S002-SANF-00906 S002-BISH-06098 S002-BISH-02918 S002-BISH-03840 S002-BISH-05137"
"S002-SANF-01252","Holm_PASS_OmEx_E_01_G11_PT-1TCMG_200586740078_R07C01 [11]",16,575312,847877,0.272565,NA,3,NA,NA,860.1652,"h1","GStudio","pFAS","Umbilical Cord Blood (or Infant Blood)",1,1,"##",16,575312,847877,"=HYPERLINK(""http://genome.ucsc.edu/cgi-bin/hgTracks?db=hg19&highlight=hg19.chr16%3A575312-847877&position=chr16%3A575312-847877"",""UCSC"")","##",".",".",".","32.29","0.08","1","3","##","0.23","23","1,3","100.00","0.62","62","1,3",0,0,0.272565,1,19," S002-RAPD-00225 S002-BISH-01462 S002-BISH-05742 S002-BISH-02671 S002-BISH-03043 S002-BISH-02857 S002-SANF-01902 S002-BISH-02579 S002-BISH-04788 S002-BISH-02722 S002-BISH-02739 S002-BISH-04366 S002-BISH-02619 S002-BISH-04080 S002-SANF-00906 S002-BISH-06098 S002-BISH-02918 S002-BISH-03840 S002-BISH-05137"
"S002-BISH-02579","Holm_PASS_OmEx_E_01_G07_PT-1TCMM_200586740181_R07C01 [22]",16,575312,847877,0.272565,NA,3,NA,NA,973.5239,"h1","GStudio","pFAS","Umbilical Cord Blood (or Infant Blood)",4,5,"##",16,575312,847877,"=HYPERLINK(""http://genome.ucsc.edu/cgi-bin/hgTracks?db=hg19&highlight=hg19.chr16%3A575312-847877&position=chr16%3A575312-847877"",""UCSC"")","##",".",".",".","32.29","0.08","1","3","##","0.23","23","1,3","100.00","0.62","62","1,3",0,0,0.272565,1,19," S002-RAPD-00225 S002-BISH-01462 S002-BISH-05742 S002-BISH-02671 S002-BISH-03043 S002-BISH-02857 S002-SANF-01902 S002-SANF-01252 S002-BISH-04788 S002-BISH-02722 S002-BISH-02739 S002-BISH-04366 S002-BISH-02619 S002-BISH-04080 S002-SANF-00906 S002-BISH-06098 S002-BISH-02918 S002-BISH-03840 S002-BISH-05137"
"S002-BISH-04788","Holm_PASS_OmEx_E_01_G08_PT-1TCMK_200586740159_R07C01 [23]",16,575312,847877,0.272565,NA,3,NA,NA,805.1156,"h1","GStudio","pFAS","Umbilical Cord Blood (or Infant Blood)",3,5,"##",16,575312,847877,"=HYPERLINK(""http://genome.ucsc.edu/cgi-bin/hgTracks?db=hg19&highlight=hg19.chr16%3A575312-847877&position=chr16%3A575312-847877"",""UCSC"")","##",".",".",".","32.29","0.08","1","3","##","0.23","23","1,3","100.00","0.62","62","1,3",0,0,0.272565,1,19," S002-RAPD-00225 S002-BISH-01462 S002-BISH-05742 S002-BISH-02671 S002-BISH-03043 S002-BISH-02857 S002-SANF-01902 S002-SANF-01252 S002-BISH-02579 S002-BISH-02722 S002-BISH-02739 S002-BISH-04366 S002-BISH-02619 S002-BISH-04080 S002-SANF-00906 S002-BISH-06098 S002-BISH-02918 S002-BISH-03840 S002-BISH-05137"
"S002-BISH-02722","Holm_PASS_OmEx_E_01_E09_PT-1TCLG_200562860100_R05C01 [42]",16,575312,847877,0.272565,NA,3,NA,NA,804.2444,"h1","GStudio","SIDS","Umbilical Cord Blood (or Infant Blood)",1,5,"##",16,575312,847877,"=HYPERLINK(""http://genome.ucsc.edu/cgi-bin/hgTracks?db=hg19&highlight=hg19.chr16%3A575312-847877&position=chr16%3A575312-847877"",""UCSC"")","##",".",".",".","32.29","0.08","1","3","##","0.23","23","1,3","100.00","0.62","62","1,3",0,0,0.272565,1,19," S002-RAPD-00225 S002-BISH-01462 S002-BISH-05742 S002-BISH-02671 S002-BISH-03043 S002-BISH-02857 S002-SANF-01902 S002-SANF-01252 S002-BISH-02579 S002-BISH-04788 S002-BISH-02739 S002-BISH-04366 S002-BISH-02619 S002-BISH-04080 S002-SANF-00906 S002-BISH-06098 S002-BISH-02918 S002-BISH-03840 S002-BISH-05137"
"S002-BISH-02739","Holm_PASS_OmEx_E_01_C02_PT-1TCM6_200557030078_R03C01 [67]",16,575312,847877,0.272565,NA,3,NA,NA,925.8284,"h1","GStudio","pFAS","Umbilical Cord Blood (or Infant Blood)",1,4,"##",16,575312,847877,"=HYPERLINK(""http://genome.ucsc.edu/cgi-bin/hgTracks?db=hg19&highlight=hg19.chr16%3A575312-847877&position=chr16%3A575312-847877"",""UCSC"")","##",".",".",".","32.29","0.08","1","3","##","0.23","23","1,3","100.00","0.62","62","1,3",0,0,0.272565,1,19," S002-RAPD-00225 S002-BISH-01462 S002-BISH-05742 S002-BISH-02671 S002-BISH-03043 S002-BISH-02857 S002-SANF-01902 S002-SANF-01252 S002-BISH-02579 S002-BISH-04788 S002-BISH-02722 S002-BISH-04366 S002-BISH-02619 S002-BISH-04080 S002-SANF-00906 S002-BISH-06098 S002-BISH-02918 S002-BISH-03840 S002-BISH-05137"
"S002-BISH-04366","Holm_PASS_OmEx_E_01_B04_PT-1TCI5_200586740139_R02C01 [78]",16,575312,847877,0.272565,NA,3,NA,NA,833.1164,"h1","GStudio","FAS","Infant Salivary",1,1,"##",16,575312,847877,"=HYPERLINK(""http://genome.ucsc.edu/cgi-bin/hgTracks?db=hg19&highlight=hg19.chr16%3A575312-847877&position=chr16%3A575312-847877"",""UCSC"")","##",".",".",".","32.29","0.08","1","3","##","0.23","23","1,3","100.00","0.62","62","1,3",0,0,0.272565,1,19," S002-RAPD-00225 S002-BISH-01462 S002-BISH-05742 S002-BISH-02671 S002-BISH-03043 S002-BISH-02857 S002-SANF-01902 S002-SANF-01252 S002-BISH-02579 S002-BISH-04788 S002-BISH-02722 S002-BISH-02739 S002-BISH-02619 S002-BISH-04080 S002-SANF-00906 S002-BISH-06098 S002-BISH-02918 S002-BISH-03840 S002-BISH-05137"
"S002-BISH-02619","Holm_PASS_OmEx_E_01_A08_PT-1TCGY_200586740159_R01C01 [86]",16,575312,847877,0.272565,NA,4,NA,NA,1544.054,"h1","GStudio","Malformation","Placenta (Parenchyma - Frozen)",4,5,"##",16,575312,847877,"=HYPERLINK(""http://genome.ucsc.edu/cgi-bin/hgTracks?db=hg19&highlight=hg19.chr16%3A575312-847877&position=chr16%3A575312-847877"",""UCSC"")","##",".",".",".","32.29","0.08","1","3","##","0.23","23","1,3","100.00","0.62","62","1,3",0,0,0.272565,1,19," S002-RAPD-00225 S002-BISH-01462 S002-BISH-05742 S002-BISH-02671 S002-BISH-03043 S002-BISH-02857 S002-SANF-01902 S002-SANF-01252 S002-BISH-02579 S002-BISH-04788 S002-BISH-02722 S002-BISH-02739 S002-BISH-04366 S002-BISH-04080 S002-SANF-00906 S002-BISH-06098 S002-BISH-02918 S002-BISH-03840 S002-BISH-05137"
"S002-BISH-04080","Holm_PASS_OmEx_E_02_D01_PT-1TCLF_200557030023_R04C01 [100]",16,575312,847877,0.272565,NA,3,NA,NA,1136.683,"h1","GStudio","SIDS","Umbilical Cord Blood (or Infant Blood)",2,5,"##",16,575312,847877,"=HYPERLINK(""http://genome.ucsc.edu/cgi-bin/hgTracks?db=hg19&highlight=hg19.chr16%3A575312-847877&position=chr16%3A575312-847877"",""UCSC"")","##",".",".",".","32.29","0.08","1","3","##","0.23","23","1,3","100.00","0.62","62","1,3",0,0,0.272565,1,19," S002-RAPD-00225 S002-BISH-01462 S002-BISH-05742 S002-BISH-02671 S002-BISH-03043 S002-BISH-02857 S002-SANF-01902 S002-SANF-01252 S002-BISH-02579 S002-BISH-04788 S002-BISH-02722 S002-BISH-02739 S002-BISH-04366 S002-BISH-02619 S002-SANF-00906 S002-BISH-06098 S002-BISH-02918 S002-BISH-03840 S002-BISH-05137"
"S002-SANF-00906","Holm_PASS_OmEx_E_01_G02_PT-1TCMU_200557030078_R07C01 [29]",16,575312,847743,0.272431,NA,3,NA,NA,1011.212,"h1","GStudio","pFAS","Umbilical Cord Blood (or Infant Blood)",3,1,"##",16,575312,847743,"=HYPERLINK(""http://genome.ucsc.edu/cgi-bin/hgTracks?db=hg19&highlight=hg19.chr16%3A575312-847743&position=chr16%3A575312-847743"",""UCSC"")","##",".",".",".","32.31","0.08","1","3","##","0.23","23","1,3","100.00","0.62","62","1,3",0,0,0.272431,1,19," S002-RAPD-00225 S002-BISH-01462 S002-BISH-05742 S002-BISH-02671 S002-BISH-03043 S002-BISH-02857 S002-SANF-01902 S002-SANF-01252 S002-BISH-02579 S002-BISH-04788 S002-BISH-02722 S002-BISH-02739 S002-BISH-04366 S002-BISH-02619 S002-BISH-04080 S002-BISH-06098 S002-BISH-02918 S002-BISH-03840 S002-BISH-05137"
"S002-BISH-06098","Holm_PASS_OmEx_E_01_C04_PT-1TCMQ_200586740139_R03C01 [65]",16,575312,847743,0.272431,NA,3,NA,NA,919.2952,"h1","GStudio","pFAS","Umbilical Cord Blood (or Infant Blood)",1,5,"##",16,575312,847743,"=HYPERLINK(""http://genome.ucsc.edu/cgi-bin/hgTracks?db=hg19&highlight=hg19.chr16%3A575312-847743&position=chr16%3A575312-847743"",""UCSC"")","##",".",".",".","32.31","0.08","1","3","##","0.23","23","1,3","100.00","0.62","62","1,3",0,0,0.272431,1,19," S002-RAPD-00225 S002-BISH-01462 S002-BISH-05742 S002-BISH-02671 S002-BISH-03043 S002-BISH-02857 S002-SANF-01902 S002-SANF-01252 S002-BISH-02579 S002-BISH-04788 S002-BISH-02722 S002-BISH-02739 S002-BISH-04366 S002-BISH-02619 S002-BISH-04080 S002-SANF-00906 S002-BISH-02918 S002-BISH-03840 S002-BISH-05137"
"S002-BISH-02918","Holm_PASS_OmEx_E_01_G04_PT-1TCMP_200586740139_R07C01 [19]",16,575312,847388,0.272076,NA,3,NA,NA,1090.685,"h1","GStudio","pFAS","Umbilical Cord Blood (or Infant Blood)",1,6,"##",16,575312,847388,"=HYPERLINK(""http://genome.ucsc.edu/cgi-bin/hgTracks?db=hg19&highlight=hg19.chr16%3A575312-847388&position=chr16%3A575312-847388"",""UCSC"")","##",".",".",".","32.35","0.08","1","3","##","0.23","23","1,3","100.00","0.62","62","1,3",0,0,0.272076,1,19," S002-RAPD-00225 S002-BISH-01462 S002-BISH-05742 S002-BISH-02671 S002-BISH-03043 S002-BISH-02857 S002-SANF-01902 S002-SANF-01252 S002-BISH-02579 S002-BISH-04788 S002-BISH-02722 S002-BISH-02739 S002-BISH-04366 S002-BISH-02619 S002-BISH-04080 S002-SANF-00906 S002-BISH-06098 S002-BISH-03840 S002-BISH-05137"
"S002-BISH-01551","Holm_PASS_OmEx_E_01_C09_PT-1TCN6_200562860100_R03C01 [60]",6,168326109,168597552,0.271443,NA,3,NA,NA,1133.11,"h1","GStudio","Undetermined Stillbirth","Fetal/Infant Guthrie Card",1,1,"##",6,168326109,168597552,"=HYPERLINK(""http://genome.ucsc.edu/cgi-bin/hgTracks?db=hg19&highlight=hg19.chr6%3A168326109-168597552&position=chr6%3A168326109-168597552"",""UCSC"")","##",".",".",".","97.65","0.64","8","3","##",".",".",".","100.00","2.17","217","1,3,4",0,0,0.261472,0.963266689507558,2," S002-BISH-02722 S002-RAPD-00695"
"S002-BISH-03840","Holm_PASS_OmEx_E_01_A02_PT-1TCLR_200557030078_R01C01 [2]",16,576495,847877,0.271382,NA,3,NA,NA,940.1489,"h1","GStudio","FAS","Umbilical Cord Blood (or Infant Blood)",1,5,"##",16,576495,847877,"=HYPERLINK(""http://genome.ucsc.edu/cgi-bin/hgTracks?db=hg19&highlight=hg19.chr16%3A576495-847877&position=chr16%3A576495-847877"",""UCSC"")","##",".",".",".","32.43","0.08","1","3","##","0.23","23","1,3","100.00","0.62","62","1,3",0,0,0.271382,1,19," S002-RAPD-00225 S002-BISH-01462 S002-BISH-05742 S002-BISH-02671 S002-BISH-03043 S002-BISH-02857 S002-SANF-01902 S002-SANF-01252 S002-BISH-02579 S002-BISH-04788 S002-BISH-02722 S002-BISH-02739 S002-BISH-04366 S002-BISH-02619 S002-BISH-04080 S002-SANF-00906 S002-BISH-06098 S002-BISH-02918 S002-BISH-05137"
"S002-BISH-05137","Holm_PASS_OmEx_E_02_H04_PT-1TCLM_200562860056_R08C01 [118]",16,576495,847743,0.271248,NA,3,NA,NA,1058.669,"h1","GStudio","pFAS","Umbilical Cord Blood (or Infant Blood)",3,5,"##",16,576495,847743,"=HYPERLINK(""http://genome.ucsc.edu/cgi-bin/hgTracks?db=hg19&highlight=hg19.chr16%3A576495-847743&position=chr16%3A576495-847743"",""UCSC"")","##",".",".",".","32.45","0.08","1","3","##","0.23","23","1,3","100.00","0.62","62","1,3",0,0,0.271248,1,19," S002-RAPD-00225 S002-BISH-01462 S002-BISH-05742 S002-BISH-02671 S002-BISH-03043 S002-BISH-02857 S002-SANF-01902 S002-SANF-01252 S002-BISH-02579 S002-BISH-04788 S002-BISH-02722 S002-BISH-02739 S002-BISH-04366 S002-BISH-02619 S002-BISH-04080 S002-SANF-00906 S002-BISH-06098 S002-BISH-02918 S002-BISH-03840"
"S002-BISH-02766","Holm_PASS_OmEx_E_01_E05_PT-1TCLC_200586740158_R05C01 [46]",5,1040657,1300310,0.259653,NA,3,NA,NA,826.09,"h1","GStudio","SIDS","Umbilical Cord Blood (or Infant Blood)",5,6,"##",5,1040657,1300310,"=HYPERLINK(""http://genome.ucsc.edu/cgi-bin/hgTracks?db=hg19&highlight=hg19.chr5%3A1040657-1300310&position=chr5%3A1040657-1300310"",""UCSC"")","##",".",".",".","92.44","0.32","4","3","##","0.14","14","1,3","100.00","0.37","37","0,1,3",0,0,0,0,0,""
"S002-BISH-02722","Holm_PASS_OmEx_E_01_E09_PT-1TCLG_200562860100_R05C01 [42]",6,168343838,168597552,0.253714,NA,3,NA,NA,1235.791,"h1","GStudio","SIDS","Umbilical Cord Blood (or Infant Blood)",1,5,"##",6,168343838,168597552,"=HYPERLINK(""http://genome.ucsc.edu/cgi-bin/hgTracks?db=hg19&highlight=hg19.chr6%3A168343838-168597552&position=chr6%3A168343838-168597552"",""UCSC"")","##","0.24","3","3","100.00","0.64","8","3","##","0.94","94","3,4","100.00","2.17","217","1,3,4",0.232739,0.917328172666861,0.253714,1,2," S002-BISH-01551 S002-RAPD-00695"
"S002-BISH-02786","Holm_PASS_OmEx_E_01_B06_PT-1TCHS_200586740149_R02C01 [76]",9,79818630,80031144,0.212514,NA,0,NA,NA,804.6207,"h1","GStudio","pFAS","Infant Salivary",5,1,"##",9,79818630,80031144,"=HYPERLINK(""http://genome.ucsc.edu/cgi-bin/hgTracks?db=hg19&highlight=hg19.chr9%3A79818630-80031144&position=chr9%3A79818630-80031144"",""UCSC"")","##",".",".",".","32.68","0.16","2","1,3","##",".",".",".","33.84","0.03","3","1,3",0,0,0,0,0,""
"S002-BISH-02786","Holm_PASS_OmEx_E_01_B06_PT-1TCHS_200586740149_R02C01 [76]",15,62128861,62340126,0.211265,NA,0,NA,NA,1189.901,"h1","GStudio","pFAS","Infant Salivary",5,1,"##",15,62128861,62340126,"=HYPERLINK(""http://genome.ucsc.edu/cgi-bin/hgTracks?db=hg19&highlight=hg19.chr15%3A62128861-62340126&position=chr15%3A62128861-62340126"",""UCSC"")","##",".",".",".",".",".",".",".","##",".",".",".","80.52","0.01","1","3",0,0,0,0,0,""
"S002-BISH-04600","Holm_PASS_OmEx_E_01_B05_PT-1TCI7_200586740158_R02C01 [75]",11,102983984,103193087,0.209103,NA,1,NA,NA,843.8833,"h1","GStudio","FAS","Infant Salivary",5,7,"##",11,102983984,103193087,"=HYPERLINK(""http://genome.ucsc.edu/cgi-bin/hgTracks?db=hg19&highlight=hg19.chr11%3A102983984-103193087&position=chr11%3A102983984-103193087"",""UCSC"")","##",".",".",".",".",".",".",".","##","0.02","2","3","100.00","0.02","2","3",0,0,0.209103,1,5," S002-BISH-02786 S002-BISH-00980 S002-BISH-01156 S002-RAPD-00225 S002-BISH-02849"
"S002-BISH-01156","Holm_PASS_OmEx_E_01_B01_PT-1TCHP_200586740076_R02C01 [79]",11,102983984,103193087,0.209103,NA,0,NA,NA,1048.267,"h1","GStudio","FAS","Infant Salivary",4,6,"##",11,102983984,103193087,"=HYPERLINK(""http://genome.ucsc.edu/cgi-bin/hgTracks?db=hg19&highlight=hg19.chr11%3A102983984-103193087&position=chr11%3A102983984-103193087"",""UCSC"")","##",".",".",".",".",".",".",".","##","0.02","2","3","100.00","0.02","2","3",0,0,0.209103,1,5," S002-BISH-02786 S002-BISH-00980 S002-BISH-04600 S002-RAPD-00225 S002-BISH-02849"
"S002-RAPD-00225","Holm_PASS_OmEx_E_RW_01_C03_PT-1TCNN_200586740140_R03C01 [136]",11,102983984,103193087,0.209103,NA,0,NA,NA,1033.267,"h1","GStudio","pFAS","Fetal/Infant Guthrie Card",1,1,"##",11,102983984,103193087,"=HYPERLINK(""http://genome.ucsc.edu/cgi-bin/hgTracks?db=hg19&highlight=hg19.chr11%3A102983984-103193087&position=chr11%3A102983984-103193087"",""UCSC"")","##",".",".",".",".",".",".",".","##","0.02","2","3","100.00","0.02","2","3",0,0,0.209103,1,5," S002-BISH-02786 S002-BISH-00980 S002-BISH-04600 S002-BISH-01156 S002-BISH-02849"
"S002-BISH-02849","Holm_PASS_OmEx_E_RW_01_F03_PT-1TCHT_200586740140_R06C01 [139]",11,102983984,103193087,0.209103,NA,0,NA,NA,815.7739,"h1","GStudio","FAS","Infant Salivary",4,1,"##",11,102983984,103193087,"=HYPERLINK(""http://genome.ucsc.edu/cgi-bin/hgTracks?db=hg19&highlight=hg19.chr11%3A102983984-103193087&position=chr11%3A102983984-103193087"",""UCSC"")","##",".",".",".",".",".",".",".","##","0.02","2","3","100.00","0.02","2","3",0,0,0.209103,1,5," S002-BISH-02786 S002-BISH-00980 S002-BISH-04600 S002-BISH-01156 S002-RAPD-00225"
"S002-SANF-01160","Holm_PASS_OmEx_E_01_D06_PT-1TCI9_200586740149_R04C01 [55]",9,138149317,138312393,0.163076,NA,3,NA,NA,835.024,"h1","GStudio","pFAS","Infant Salivary",2,1,"##",9,138149317,138312393,"=HYPERLINK(""http://genome.ucsc.edu/cgi-bin/hgTracks?db=hg19&highlight=hg19.chr9%3A138149317-138312393&position=chr9%3A138149317-138312393"",""UCSC"")","##",".",".",".","97.02","0.48","6","3","##","0.05","5","3","100.00","0.69","69","3",0,0,0.163076,1,2," S002-BISH-01458 S002-RAPD-00225"
"S002-RAPD-00225","Holm_PASS_OmEx_E_RW_01_C03_PT-1TCNN_200586740140_R03C01 [136]",12,85411290,85564834,0.153544,NA,0,NA,NA,833.9313,"h1","GStudio","pFAS","Fetal/Infant Guthrie Card",1,1,"##",12,85411290,85564834,"=HYPERLINK(""http://genome.ucsc.edu/cgi-bin/hgTracks?db=hg19&highlight=hg19.chr12%3A85411290-85564834&position=chr12%3A85411290-85564834"",""UCSC"")","##",".",".",".",".",".",".",".","##","0.03","3","3","100.00","0.06","6","3",0,0,0,0,0,""
"S002-BISH-05320","Holm_PASS_OmEx_E_02_C06_PT-1TCMC_200557030131_R03C01 [96]",10,135234580,135379710,0.14513,NA,4,NA,NA,1168.134,"h1","GStudio","pFAS","Umbilical Cord Blood (or Infant Blood)",2,6,"##",10,135234580,135379710,"=HYPERLINK(""http://genome.ucsc.edu/cgi-bin/hgTracks?db=hg19&highlight=hg19.chr10%3A135234580-135379710&position=chr10%3A135234580-135379710"",""UCSC"")","##","0.80","10","3","100.00","9.78","122","1,3,4","##","0.70","70","1,3,4","100.00","5.83","584","1,3,4",0,0,0,0,0,""
"S002-SANF-00700","Holm_PASS_OmEx_E_01_F04_PT-1TCNP_200586740139_R06C01 [32]",7,9128802,9229882,0.10108,NA,0,NA,NA,816.9757,"h1","GStudio","FAS","Fetal/Infant Guthrie Card",1,1,"##",7,9128802,9229882,"=HYPERLINK(""http://genome.ucsc.edu/cgi-bin/hgTracks?db=hg19&highlight=hg19.chr7%3A9128802-9229882&position=chr7%3A9128802-9229882"",""UCSC"")","##","0.16","2","1","100.00","0.32","4","1","##","0.03","3","1","100.00","0.20","20","0,1",0,0,0,0,0,""
"S002-BISH-00980","Holm_PASS_OmEx_E_01_A12_PT-1TCHO_200586740150_R01C01 [82]",10,91468925,91550544,0.081619,NA,0,NA,NA,987.2136,"h1","GStudio","pFAS","Infant Salivary",1,1,"##",10,91468925,91550544,"=HYPERLINK(""http://genome.ucsc.edu/cgi-bin/hgTracks?db=hg19&highlight=hg19.chr10%3A91468925-91550544&position=chr10%3A91468925-91550544"",""UCSC"")","##",".",".",".",".",".",".",".","##",".",".",".","60.91","0.01","1","1",0,0,0.081619,1,5," S002-RAPD-00225 S002-BISH-02786 S002-BISH-01156 S002-BISH-02849 S002-BISH-02035"
"S002-BISH-02786","Holm_PASS_OmEx_E_01_B06_PT-1TCHS_200586740149_R02C01 [76]",20,58436963,58514677,0.077714,NA,0,NA,NA,893.1777,"h1","GStudio","pFAS","Infant Salivary",5,1,"##",20,58436963,58514677,"=HYPERLINK(""http://genome.ucsc.edu/cgi-bin/hgTracks?db=hg19&highlight=hg19.chr20%3A58436963-58514677&position=chr20%3A58436963-58514677"",""UCSC"")","##",".",".",".",".",".",".",".","##",".",".",".",".",".",".",".",0,0,0,0,0,""
"S002-RAPD-00225","Holm_PASS_OmEx_E_RW_01_C03_PT-1TCNN_200586740140_R03C01 [136]",10,91465118,91534309,0.069191,NA,0,NA,NA,868.041,"h1","GStudio","pFAS","Fetal/Infant Guthrie Card",1,1,"##",10,91465118,91534309,"=HYPERLINK(""http://genome.ucsc.edu/cgi-bin/hgTracks?db=hg19&highlight=hg19.chr10%3A91465118-91534309&position=chr10%3A91465118-91534309"",""UCSC"")","##",".",".",".",".",".",".",".","##",".",".",".","71.85","0.01","1","1",0,0,0.069191,1,5," S002-BISH-00980 S002-BISH-02786 S002-BISH-01156 S002-BISH-02849 S002-BISH-02035"
"S002-BISH-02786","Holm_PASS_OmEx_E_01_B06_PT-1TCHS_200586740149_R02C01 [76]",10,91465167,91534309,0.069142,NA,0,NA,NA,1549.141,"h1","GStudio","pFAS","Infant Salivary",5,1,"##",10,91465167,91534309,"=HYPERLINK(""http://genome.ucsc.edu/cgi-bin/hgTracks?db=hg19&highlight=hg19.chr10%3A91465167-91534309&position=chr10%3A91465167-91534309"",""UCSC"")","##",".",".",".",".",".",".",".","##",".",".",".","71.90","0.01","1","1",0,0,0.069142,1,5," S002-BISH-00980 S002-RAPD-00225 S002-BISH-01156 S002-BISH-02849 S002-BISH-02035"
"S002-BISH-01156","Holm_PASS_OmEx_E_01_B01_PT-1TCHP_200586740076_R02C01 [79]",10,91465167,91534309,0.069142,NA,0,NA,NA,1091.375,"h1","GStudio","FAS","Infant Salivary",4,6,"##",10,91465167,91534309,"=HYPERLINK(""http://genome.ucsc.edu/cgi-bin/hgTracks?db=hg19&highlight=hg19.chr10%3A91465167-91534309&position=chr10%3A91465167-91534309"",""UCSC"")","##",".",".",".",".",".",".",".","##",".",".",".","71.90","0.01","1","1",0,0,0.069142,1,5," S002-BISH-00980 S002-RAPD-00225 S002-BISH-02786 S002-BISH-02849 S002-BISH-02035"
"S002-BISH-02849","Holm_PASS_OmEx_E_RW_01_F03_PT-1TCHT_200586740140_R06C01 [139]",10,91468925,91534309,0.065384,NA,0,NA,NA,1041.048,"h1","GStudio","FAS","Infant Salivary",4,1,"##",10,91468925,91534309,"=HYPERLINK(""http://genome.ucsc.edu/cgi-bin/hgTracks?db=hg19&highlight=hg19.chr10%3A91468925-91534309&position=chr10%3A91468925-91534309"",""UCSC"")","##",".",".",".",".",".",".",".","##",".",".",".","76.03","0.01","1","1",0,0,0.065384,1,5," S002-BISH-00980 S002-RAPD-00225 S002-BISH-02786 S002-BISH-01156 S002-BISH-02035"
"S002-BISH-02757","Holm_PASS_OmEx_E_02_H06_PT-1TCLK_200557030131_R08C01 [116]",14,21359808,21421088,0.06128,NA,0,NA,NA,1636.785,"h1","GStudio","pFAS","Umbilical Cord Blood (or Infant Blood)",1,1,"##",14,21359808,21421088,"=HYPERLINK(""http://genome.ucsc.edu/cgi-bin/hgTracks?db=hg19&highlight=hg19.chr14%3A21359808-21421088&position=chr14%3A21359808-21421088"",""UCSC"")","##","0.40","5","1,3","100.00","6.74","84","0,1,3,4","##","0.29","29","1,3","100.00","2.21","221","0,1,3,4",0,0,0,0,0,""
"S002-BISH-01715","Holm_PASS_OmEx_E_02_H07_PT-1TCNL_200562860101_R08C01 [123]",4,88189651,88228228,0.038577,NA,0,NA,NA,1049.487,"h1","GStudio","pFAS","Fetal/Infant Guthrie Card",5,5,"##",4,88189651,88228228,"=HYPERLINK(""http://genome.ucsc.edu/cgi-bin/hgTracks?db=hg19&highlight=hg19.chr4%3A88189651-88228228&position=chr4%3A88189651-88228228"",""UCSC"")","##",".",".","."," 99.64","0.88","11","1","##",".",".","."," 99.64","0.11","11","1",0,0,0,0,0,""
"S002-BISH-00227","Holm_PASS_OmEx_E_01_A04_PT-1TCPG_200586740139_R01C01 [88]",5,70305696,70308554,0.002858,NA,0,NA,NA,809.0674,"h1","GStudio","SIDS","Fetal/Infant Guthrie Card",5,5,"##",5,70305696,70308554,"=HYPERLINK(""http://genome.ucsc.edu/cgi-bin/hgTracks?db=hg19&highlight=hg19.chr5%3A70305696-70308554&position=chr5%3A70305696-70308554"",""UCSC"")","##","2.17","27","0,1,3,4","100.00","5.13","64","0,1,3,4","##","1.01","101","0,1,3,4","100.00","2.92","292","0,1,3,4",0,0,0,0,0,""
"S002-SANF-01742","Holm_OmniEx_Exome_RW_01_E03_S002-SANF-01742_201490040250_R05C01 [32]",13,19058717,103382660,84.323943,NA,3,NA,NA,17346.11,"h2","GStudio","Lethal SB Malformation","Umbilical Cord Blood (or Infant Blood)",2,1,"##",13,19058717,103382660,"=HYPERLINK(""http://genome.ucsc.edu/cgi-bin/hgTracks?db=hg19&highlight=hg19.chr13%3A19058717-103382660&position=chr13%3A19058717-103382660"",""UCSC"")","##",".",".",".","17.53","86.53","1079","0,1,3,4","##",".",".",".","45.94","38.89","3893","0,1,3,4",62.896008,0.745885519134227,31.113868,0.368980231391694,2," S002-BISH-04624 S002-BISH-03722"
"S002-BISH-03722","Holm_OmniEx_Exome_RW_01_C05_S002-BISH-03722_201651070043_R03C01 [21]",13,96690806,115103529,18.412723,NA,1,NA,NA,4133.882,"h2","GStudio","Malformation","Fetal/Infant Guthrie Card",1,5,"##",13,96690806,115103529,"=HYPERLINK(""http://genome.ucsc.edu/cgi-bin/hgTracks?db=hg19&highlight=hg19.chr13%3A96690806-115103529&position=chr13%3A96690806-115103529"",""UCSC"")","##",".",".",".","9.08","7.54","94","0,1,3","##",".",".",".","41.69","3.80","380","0,1,3",18.387804,0.998646642324441,18.395331,0.999055435744078,1," S002-SANF-01742"
"S002-BISH-03722","Holm_OmniEx_Exome_RW_01_C05_S002-BISH-03722_201651070043_R03C01 [21]",13,71490900,83861883,12.370983,NA,3,NA,NA,13984.82,"h2","GStudio","Malformation","Fetal/Infant Guthrie Card",1,5,"##",13,71490900,83861883,"=HYPERLINK(""http://genome.ucsc.edu/cgi-bin/hgTracks?db=hg19&highlight=hg19.chr13%3A71490900-83861883&position=chr13%3A71490900-83861883"",""UCSC"")","##",".",".",".","11.73","12.35","154","1,3,4","##",".",".",".","34.60","3.89","389","0,1,3,4",7.771993,0.628243770119157,12.370983,1,1," S002-SANF-01742"
"S002-SANF-01742","Holm_OmniEx_Exome_RW_01_E03_S002-SANF-01742_201490040250_R05C01 [32]",13,103400052,115103529,11.703477,NA,3,NA,NA,6577.838,"h2","GStudio","Lethal SB Malformation","Umbilical Cord Blood (or Infant Blood)",2,1,"##",13,103400052,115103529,"=HYPERLINK(""http://genome.ucsc.edu/cgi-bin/hgTracks?db=hg19&highlight=hg19.chr13%3A103400052-115103529&position=chr13%3A103400052-115103529"",""UCSC"")","##",".",".",".","11.91","5.61","70","0,1,3","##",".",".",".","50.53","2.92","292","0,1,3",7.901076,0.675105013663888,11.703477,1,1," S002-BISH-03722"
"S002-BISH-03722","Holm_OmniEx_Exome_RW_01_C05_S002-BISH-03722_201651070043_R03C01 [21]",13,88356002,96480538,8.124536,NA,1,NA,NA,7832.01,"h2","GStudio","Malformation","Fetal/Infant Guthrie Card",1,5,"##",13,88356002,96480538,"=HYPERLINK(""http://genome.ucsc.edu/cgi-bin/hgTracks?db=hg19&highlight=hg19.chr13%3A88356002-96480538&position=chr13%3A88356002-96480538"",""UCSC"")","##",".",".",".","14.87","4.25","53","0,1,3,4","##",".",".",".","48.78","1.93","193","0,1,3,4",8.124536,1,8.124536,1,2," S002-BISH-04624 S002-SANF-01742"
"S002-BISH-03722","Holm_OmniEx_Exome_RW_01_C05_S002-BISH-03722_201651070043_R03C01 [21]",13,84399251,88325746,3.926495,NA,1,NA,NA,5935.938,"h2","GStudio","Malformation","Fetal/Infant Guthrie Card",1,5,"##",13,84399251,88325746,"=HYPERLINK(""http://genome.ucsc.edu/cgi-bin/hgTracks?db=hg19&highlight=hg19.chr13%3A84399251-88325746&position=chr13%3A84399251-88325746"",""UCSC"")","##",".",".",".","21.73","2.73","34","1,3","##",".",".",".","54.62","1.16","116","1,3",3.91308,0.99658346693425,3.926495,1,1," S002-SANF-01742"
"S002-BISH-06003","Holm_OmniEx_Exome_RW_01_G06_S002-BISH-06003_201490040208_R07C01 [46]",22,21463730,22892352,1.428622,NA,1,NA,NA,1068.339,"h2","GStudio","pFAS/FAS","Infant Salivary",1,5,"##",22,21463730,22892352,"=HYPERLINK(""http://genome.ucsc.edu/cgi-bin/hgTracks?db=hg19&highlight=hg19.chr22%3A21463730-22892352&position=chr22%3A21463730-22892352"",""UCSC"")","##",".",".",".","79.13","38.49","480","0,1,3,4","##",".",".",".","100.00","9.68","969","0,1,3,4",1.09454,0.76615087825891,0,0,0,""
"RETR-BISH-042","Holm_OmniEx_Exome_RW_01_A02_RETR-BISH-042_201651080129_R01C01 [5]",17,14101029,15449627,1.348598,NA,3,NA,NA,5028.273,"h2","GStudio","RETR/SIDS","Fetal/Infant Guthrie Card",NA,NA,"##",17,14101029,15449627,"=HYPERLINK(""http://genome.ucsc.edu/cgi-bin/hgTracks?db=hg19&highlight=hg19.chr17%3A14101029-15449627&position=chr17%3A14101029-15449627"",""UCSC"")","##",".",".",".","1.57","8.26","103","0,1,4","##","0.11","11","1,3","100.00","2.72","272","0,1,3,4",1.348598,1,0,0,0,""
"RETR-BISH-048","Holm_OmniEx_Exome_RW_01_F04_RETR-BISH-048_201486520003_R06C01 [39]",7,133506955,134425170,0.918215,NA,3,NA,NA,1170.825,"h2","GStudio","Lethal Infant Malformation","Fetal/Infant Guthrie Card",NA,NA,"##",7,133506955,134425170,"=HYPERLINK(""http://genome.ucsc.edu/cgi-bin/hgTracks?db=hg19&highlight=hg19.chr7%3A133506955-134425170&position=chr7%3A133506955-134425170"",""UCSC"")","##",".",".",".","5.69","18.93","236","0,1,3","##",".",".",".","41.36","7.27","728","0,1,3,4",0.400713,0.436404327962405,0,0,0,""
"S002-RAPD-00695","Holm_OmniEx_Exome_RW_01_D02_S002-RAPD-00695-A_201651080129_R04C01 [25]",5,165575765,166391475,0.81571,NA,1,NA,NA,1185.489,"h2","GStudio","Lethal Infant Malformation","Umbilical Cord Blood (or Infant Blood)",2,1,"##",5,165575765,166391475,"=HYPERLINK(""http://genome.ucsc.edu/cgi-bin/hgTracks?db=hg19&highlight=hg19.chr5%3A165575765-166391475&position=chr5%3A165575765-166391475"",""UCSC"")","##",".",".",".","3.54","3.29","41","1","##",".",".",".","45.13","0.80","80","1,3",0,0,0,0,0,""
"S002-BISH-00633","Holm_OmniEx_Exome_RW_01_B05_S002-BISH-00633_201651070043_R02C01 [15]",9,6873125,7672125,0.799,NA,3,NA,NA,2050.628,"h2","GStudio","SIDS","Fetal/Infant Guthrie Card",1,3,"##",9,6873125,7672125,"=HYPERLINK(""http://genome.ucsc.edu/cgi-bin/hgTracks?db=hg19&highlight=hg19.chr9%3A6873125-7672125&position=chr9%3A6873125-7672125"",""UCSC"")","##",".",".",".","63.72","0.96","12","1,3","##",".",".",".","99.49","0.47","47","1,3",0.495645,0.620331664580726,0.793262,0.992818523153942,1," S002-BISH-00105"
"S002-SPLK-00188","Holm_OmniEx_Exome_RW_01_G03_S002-SPLK-00188_201490040250_R07C01 [43]",1,18021758,18661583,0.639825,NA,3,NA,NA,1322.029,"h2","GStudio","Undet SB","Placenta (Parenchyma - Frozen)",1,4,"##",1,18021758,18661583,"=HYPERLINK(""http://genome.ucsc.edu/cgi-bin/hgTracks?db=hg19&highlight=hg19.chr1%3A18021758-18661583&position=chr1%3A18021758-18661583"",""UCSC"")","##",".",".",".",".",".",".",".","##",".",".",".","71.75","0.08","8","1,3",0.144499,0.225841441019029,0,0,0,""
"S002-BISH-02035","Holm_OmniEx_Exome_RW_01_C03_S002-BISH-02035_201490040250_R03C01 [19]",11,108028670,108357021,0.328351,NA,1,NA,NA,906.8023,"h2","GStudio","Undetermined Stillbirth","Fetal/Infant Guthrie Card",3,6,"##",11,108028670,108357021,"=HYPERLINK(""http://genome.ucsc.edu/cgi-bin/hgTracks?db=hg19&highlight=hg19.chr11%3A108028670-108357021&position=chr11%3A108028670-108357021"",""UCSC"")","##",".",".",".",".",".",".",".","##",".",".",".",".",".",".",".",0,0,0.324221,0.987421996582925,2," S002-BISH-02849 S002-BISH-02786"
"S002-BISH-00633","Holm_OmniEx_Exome_RW_01_B05_S002-BISH-00633_201651070043_R02C01 [15]",9,7787532,8115492,0.32796,NA,3,NA,NA,868.3271,"h2","GStudio","SIDS","Fetal/Infant Guthrie Card",1,3,"##",9,7787532,8115492,"=HYPERLINK(""http://genome.ucsc.edu/cgi-bin/hgTracks?db=hg19&highlight=hg19.chr9%3A7787532-8115492&position=chr9%3A7787532-8115492"",""UCSC"")","##",".",".",".","21.66","0.48","6","1","##",".",".",".","82.64","0.66","66","1,3",0,0,0.31324,0.955116477619222,1," S002-BISH-00105"
"S002-RAPD-00208","Holm_OmniEx_Exome_RW_01_A06_S002-RAPD-00208-A_201490040208_R01C01 [9]",9,11903938,12194855,0.290917,NA,0,NA,NA,1010.193,"h2","GStudio","Lethal Infant Malformation","Umbilical Cord Blood (or Infant Blood)",4,4,"##",9,11903938,12194855,"=HYPERLINK(""http://genome.ucsc.edu/cgi-bin/hgTracks?db=hg19&highlight=hg19.chr9%3A11903938-12194855&position=chr9%3A11903938-12194855"",""UCSC"")","##","0.08","1","1","100.00","4.81","60","1","##","0.09","9","1,3","100.00","2.62","262","0,1,3",0,0,0,0,0,""
"S002-RAPD-00695","Holm_OmniEx_Exome_RW_01_D02_S002-RAPD-00695-A_201651080129_R04C01 [25]",6,168336080,168597552,0.261472,NA,3,NA,NA,844.015,"h2","GStudio","Lethal Infant Malformation","Umbilical Cord Blood (or Infant Blood)",2,1,"##",6,168336080,168597552,"=HYPERLINK(""http://genome.ucsc.edu/cgi-bin/hgTracks?db=hg19&highlight=hg19.chr6%3A168336080-168597552&position=chr6%3A168336080-168597552"",""UCSC"")","##","0.24","3","3","100.00","0.64","8","3","##","0.88","88","3,4","100.00","2.17","217","1,3,4",0,0,0.261472,1,2," S002-BISH-01551 S002-BISH-02722"
"S002-BISH-02035","Holm_OmniEx_Exome_RW_01_C03_S002-BISH-02035_201490040250_R03C01 [19]",10,91465118,91550544,0.085426,NA,0,NA,NA,966.3893,"h2","GStudio","Undetermined Stillbirth","Fetal/Infant Guthrie Card",3,6,"##",10,91465118,91550544,"=HYPERLINK(""http://genome.ucsc.edu/cgi-bin/hgTracks?db=hg19&highlight=hg19.chr10%3A91465118-91550544&position=chr10%3A91465118-91550544"",""UCSC"")","##",".",".",".",".",".",".",".","##",".",".",".","58.19","0.01","1","1",0,0,0.085426,1,5," S002-BISH-00980 S002-RAPD-00225 S002-BISH-02786 S002-BISH-01156 S002-BISH-02849"
"S002-RAPD-00208","Holm_OmniEx_Exome_RW_01_A06_S002-RAPD-00208-A_201490040208_R01C01 [9]",1,152526812,152573271,0.046459,NA,0,NA,NA,1084.475,"h2","GStudio","Lethal Infant Malformation","Umbilical Cord Blood (or Infant Blood)",4,4,"##",1,152526812,152573271,"=HYPERLINK(""http://genome.ucsc.edu/cgi-bin/hgTracks?db=hg19&highlight=hg19.chr1%3A152526812-152573271&position=chr1%3A152526812-152573271"",""UCSC"")","##","0.24","3","1","100.00","51.16","638","0,1,3,4","##","0.18","18","0,1","100.00","23.86","2388","0,1,3,4",0,0,0.046459,1,1," S002-SPLK-00188"
"S002-SPLK-00188","Holm_OmniEx_Exome_RW_01_G03_S002-SPLK-00188_201490040250_R07C01 [43]",1,152526812,152573271,0.046459,NA,0,NA,NA,1033.593,"h2","GStudio","Undet SB","Placenta (Parenchyma - Frozen)",1,4,"##",1,152526812,152573271,"=HYPERLINK(""http://genome.ucsc.edu/cgi-bin/hgTracks?db=hg19&highlight=hg19.chr1%3A152526812-152573271&position=chr1%3A152526812-152573271"",""UCSC"")","##","0.24","3","1","100.00","51.16","638","0,1,3,4","##","0.18","18","0,1","100.00","23.86","2388","0,1,3,4",0,0,0.046459,1,1," S002-RAPD-00208"
"RETR-BISH-041","Holm_OmniEx_Exome_RW_01_D01_RETR-BISH-041_201651070002_R04C01 [24]",1,158516967,158517891,0.000924,NA,0,NA,NA,2057.193,"h2","GStudio","RETR/SIDS","Fetal/Infant Guthrie Card",NA,NA,"##",1,158516967,158517891,"=HYPERLINK(""http://genome.ucsc.edu/cgi-bin/hgTracks?db=hg19&highlight=hg19.chr1%3A158516967-158517891&position=chr1%3A158516967-158517891"",""UCSC"")","##","1.36","17","1","100.00","2.65","33","1","##","0.31","31","1,3","100.00","0.49","49","1,3",0,0,0,0,0,""
